year,iso3,country,who_region,latitude,longitude,syndrome,confirmed_cases,deaths,recovered,case_fatality_rate,hospitalized,icu_admissions,human_to_human_cases
1993,ARG,Argentina,AMRO,-34.6,-58.4,HPS,35,11,24,0.3426,30,8,0
1993,CHL,Chile,AMRO,-33.4,-70.6,HPS,0,0,0,0.2587,0,0,0
1993,BRA,Brazil,AMRO,-15.8,-47.9,HPS,0,0,0,0.4455,0,0,0
1993,BOL,Bolivia,AMRO,-16.5,-68.2,HPS,0,0,0,0.2775,0,0,0
1993,PRY,Paraguay,AMRO,-25.3,-57.6,HPS,0,0,0,0.2666,0,0,0
1993,URY,Uruguay,AMRO,-34.9,-56.2,HPS,0,0,0,0.255,0,0,0
1993,PAN,Panama,AMRO,9.0,-79.5,HPS,0,0,0,0.3271,0,0,0
1993,USA,USA,AMRO,38.9,-77.0,HPS,11,3,8,0.3171,7,2,0
1993,CAN,Canada,AMRO,45.4,-75.7,HPS,0,0,0,0.3551,0,0,0
1993,CRI,Costa Rica,AMRO,9.9,-84.1,HPS,0,0,0,0.266,0,0,0
1993,COL,Colombia,AMRO,4.7,-74.1,HPS,0,0,0,0.3864,0,0,0
1993,CHN,China,WPRO,39.9,116.4,HFRS,9052,278,8774,0.0308,7573,1485,0
1993,KOR,South Korea,WPRO,37.6,127.0,HFRS,704,17,687,0.0255,658,245,0
1993,JPN,Japan,WPRO,35.7,139.7,HFRS,0,0,0,0.0284,0,0,0
1993,TWN,Taiwan,WPRO,25.0,121.5,HFRS,0,0,0,0.0198,0,0,0
1993,RUS,Russia,EURO,55.8,37.6,HFRS,12618,261,12357,0.0207,9718,2776,0
1993,FIN,Finland,EURO,60.2,24.9,HFRS,1024,4,1020,0.0042,735,291,0
1993,DEU,Germany,EURO,52.5,13.4,HFRS,0,0,0,0.0016,0,0,0
1993,SWE,Sweden,EURO,59.3,18.1,HFRS,0,0,0,0.0032,0,0,0
1993,BEL,Belgium,EURO,50.8,4.4,HFRS,0,0,0,0.0012,0,0,0
1993,FRA,France,EURO,48.9,2.3,HFRS,0,0,0,0.0012,0,0,0
1993,HRV,Croatia,EURO,45.8,16.0,HFRS,0,0,0,0.0455,0,0,0
1993,SVN,Slovenia,EURO,46.1,14.5,HFRS,0,0,0,0.0314,0,0,0
1993,GRC,Greece,EURO,37.97,23.73,HFRS,0,0,0,0.0398,0,0,0
1993,GBR,United Kingdom,EURO,51.5,-0.1,HFRS,0,0,0,0.0122,0,0,0
1994,ARG,Argentina,AMRO,-34.6,-58.4,HPS,35,9,26,0.2763,32,6,0
1994,CHL,Chile,AMRO,-33.4,-70.6,HPS,0,0,0,0.2843,0,0,0
1994,BRA,Brazil,AMRO,-15.8,-47.9,HPS,0,0,0,0.4212,0,0,0
1994,BOL,Bolivia,AMRO,-16.5,-68.2,HPS,0,0,0,0.278,0,0,0
1994,PRY,Paraguay,AMRO,-25.3,-57.6,HPS,0,0,0,0.3634,0,0,0
1994,URY,Uruguay,AMRO,-34.9,-56.2,HPS,0,0,0,0.2641,0,0,0
1994,PAN,Panama,AMRO,9.0,-79.5,HPS,0,0,0,0.3266,0,0,0
1994,USA,USA,AMRO,38.9,-77.0,HPS,6,2,4,0.3338,5,1,0
1994,CAN,Canada,AMRO,45.4,-75.7,HPS,0,0,0,0.3414,0,0,0
1994,CRI,Costa Rica,AMRO,9.9,-84.1,HPS,0,0,0,0.2378,0,0,0
1994,COL,Colombia,AMRO,4.7,-74.1,HPS,0,0,0,0.2555,0,0,0
1994,CHN,China,WPRO,39.9,116.4,HFRS,5601,118,5483,0.0211,5192,1089,0
1994,KOR,South Korea,WPRO,37.6,127.0,HFRS,275,5,270,0.0198,260,54,0
1994,JPN,Japan,WPRO,35.7,139.7,HFRS,0,0,0,0.0252,0,0,0
1994,TWN,Taiwan,WPRO,25.0,121.5,HFRS,0,0,0,0.029,0,0,0
1994,RUS,Russia,EURO,55.8,37.6,HFRS,4879,171,4708,0.0351,3806,748,0
1994,FIN,Finland,EURO,60.2,24.9,HFRS,819,2,817,0.0034,712,109,0
1994,DEU,Germany,EURO,52.5,13.4,HFRS,0,0,0,0.0017,0,0,0
1994,SWE,Sweden,EURO,59.3,18.1,HFRS,0,0,0,0.0022,0,0,0
1994,BEL,Belgium,EURO,50.8,4.4,HFRS,0,0,0,0.0012,0,0,0
1994,FRA,France,EURO,48.9,2.3,HFRS,0,0,0,0.003,0,0,0
1994,HRV,Croatia,EURO,45.8,16.0,HFRS,0,0,0,0.0297,0,0,0
1994,SVN,Slovenia,EURO,46.1,14.5,HFRS,0,0,0,0.029,0,0,0
1994,GRC,Greece,EURO,37.97,23.73,HFRS,0,0,0,0.0559,0,0,0
1994,GBR,United Kingdom,EURO,51.5,-0.1,HFRS,0,0,0,0.0117,0,0,0
1995,ARG,Argentina,AMRO,-34.6,-58.4,HPS,54,10,44,0.2014,39,12,0
1995,CHL,Chile,AMRO,-33.4,-70.6,HPS,14,4,10,0.3323,12,3,0
1995,BRA,Brazil,AMRO,-15.8,-47.9,HPS,39,13,26,0.3356,30,10,0
1995,BOL,Bolivia,AMRO,-16.5,-68.2,HPS,7,2,5,0.3774,6,1,0
1995,PRY,Paraguay,AMRO,-25.3,-57.6,HPS,4,1,3,0.2788,3,0,0
1995,URY,Uruguay,AMRO,-34.9,-56.2,HPS,4,1,3,0.259,3,0,0
1995,PAN,Panama,AMRO,9.0,-79.5,HPS,13,4,9,0.3254,10,2,0
1995,USA,USA,AMRO,38.9,-77.0,HPS,7,2,5,0.3722,5,0,0
1995,CAN,Canada,AMRO,45.4,-75.7,HPS,2,0,2,0.273,1,0,0
1995,CRI,Costa Rica,AMRO,9.9,-84.1,HPS,1,0,1,0.2555,0,0,0
1995,COL,Colombia,AMRO,4.7,-74.1,HPS,1,0,1,0.395,0,0,0
1995,CHN,China,WPRO,39.9,116.4,HFRS,8615,218,8397,0.0254,7863,1802,0
1995,KOR,South Korea,WPRO,37.6,127.0,HFRS,288,6,282,0.0211,269,87,0
1995,JPN,Japan,WPRO,35.7,139.7,HFRS,12,0,12,0.0119,10,3,0
1995,TWN,Taiwan,WPRO,25.0,121.5,HFRS,5,0,5,0.0255,4,1,0
1995,RUS,Russia,EURO,55.8,37.6,HFRS,10978,341,10637,0.0311,8671,1937,0
1995,FIN,Finland,EURO,60.2,24.9,HFRS,2272,9,2263,0.0042,2082,787,0
1995,DEU,Germany,EURO,52.5,13.4,HFRS,931,2,929,0.0025,837,261,0
1995,SWE,Sweden,EURO,59.3,18.1,HFRS,282,0,282,0.0034,260,60,0
1995,BEL,Belgium,EURO,50.8,4.4,HFRS,98,0,98,0.0012,82,13,0
1995,FRA,France,EURO,48.9,2.3,HFRS,88,0,88,0.0026,67,19,0
1995,HRV,Croatia,EURO,45.8,16.0,HFRS,32,0,32,0.0215,28,6,0
1995,SVN,Slovenia,EURO,46.1,14.5,HFRS,26,0,26,0.0257,23,4,0
1995,GRC,Greece,EURO,37.97,23.73,HFRS,19,0,19,0.0234,13,3,0
1995,GBR,United Kingdom,EURO,51.5,-0.1,HFRS,12,0,12,0.0227,10,3,0
1996,ARG,Argentina,AMRO,-34.6,-58.4,HPS,52,12,40,0.2484,46,10,1
1996,CHL,Chile,AMRO,-33.4,-70.6,HPS,13,3,10,0.2538,12,4,0
1996,BRA,Brazil,AMRO,-15.8,-47.9,HPS,30,9,21,0.326,22,4,0
1996,BOL,Bolivia,AMRO,-16.5,-68.2,HPS,6,2,4,0.3572,5,1,0
1996,PRY,Paraguay,AMRO,-25.3,-57.6,HPS,13,4,9,0.3381,10,3,0
1996,URY,Uruguay,AMRO,-34.9,-56.2,HPS,3,0,3,0.2372,2,0,0
1996,PAN,Panama,AMRO,9.0,-79.5,HPS,4,1,3,0.2674,2,0,0
1996,USA,USA,AMRO,38.9,-77.0,HPS,18,6,12,0.3704,14,2,0
1996,CAN,Canada,AMRO,45.4,-75.7,HPS,2,0,2,0.3116,1,0,0
1996,CRI,Costa Rica,AMRO,9.9,-84.1,HPS,1,0,1,0.2924,0,0,0
1996,COL,Colombia,AMRO,4.7,-74.1,HPS,1,0,1,0.3439,0,0,0
1996,CHN,China,WPRO,39.9,116.4,HFRS,13074,215,12859,0.0165,9382,2914,0
1996,KOR,South Korea,WPRO,37.6,127.0,HFRS,213,4,209,0.0217,199,58,0
1996,JPN,Japan,WPRO,35.7,139.7,HFRS,10,0,10,0.0229,8,2,0
1996,TWN,Taiwan,WPRO,25.0,121.5,HFRS,13,0,13,0.0216,12,4,0
1996,RUS,Russia,EURO,55.8,37.6,HFRS,5818,70,5748,0.0121,4219,652,0
1996,FIN,Finland,EURO,60.2,24.9,HFRS,900,3,897,0.0037,646,148,0
1996,DEU,Germany,EURO,52.5,13.4,HFRS,1278,1,1277,0.0011,1154,254,0
1996,SWE,Sweden,EURO,59.3,18.1,HFRS,130,0,130,0.0031,111,40,0
1996,BEL,Belgium,EURO,50.8,4.4,HFRS,145,0,145,0.0026,111,21,0
1996,FRA,France,EURO,48.9,2.3,HFRS,118,0,118,0.0034,111,28,0
1996,HRV,Croatia,EURO,45.8,16.0,HFRS,59,3,56,0.0511,46,17,0
1996,SVN,Slovenia,EURO,46.1,14.5,HFRS,64,1,63,0.0229,56,18,0
1996,GRC,Greece,EURO,37.97,23.73,HFRS,9,0,9,0.0561,7,2,0
1996,GBR,United Kingdom,EURO,51.5,-0.1,HFRS,9,0,9,0.0279,7,1,0
1997,ARG,Argentina,AMRO,-34.6,-58.4,HPS,80,17,63,0.2137,62,24,3
1997,CHL,Chile,AMRO,-33.4,-70.6,HPS,29,9,20,0.3448,23,5,0
1997,BRA,Brazil,AMRO,-15.8,-47.9,HPS,43,17,26,0.4129,38,13,0
1997,BOL,Bolivia,AMRO,-16.5,-68.2,HPS,3,0,3,0.3242,2,0,0
1997,PRY,Paraguay,AMRO,-25.3,-57.6,HPS,8,2,6,0.362,6,1,0
1997,URY,Uruguay,AMRO,-34.9,-56.2,HPS,2,0,2,0.3142,1,0,0
1997,PAN,Panama,AMRO,9.0,-79.5,HPS,6,2,4,0.3551,4,1,0
1997,USA,USA,AMRO,38.9,-77.0,HPS,17,5,12,0.3081,12,4,0
1997,CAN,Canada,AMRO,45.4,-75.7,HPS,1,0,1,0.2982,0,0,0
1997,CRI,Costa Rica,AMRO,9.9,-84.1,HPS,2,0,2,0.313,1,0,0
1997,COL,Colombia,AMRO,4.7,-74.1,HPS,3,1,2,0.3338,2,0,0
1997,CHN,China,WPRO,39.9,116.4,HFRS,6136,182,5954,0.0297,4312,1152,0
1997,KOR,South Korea,WPRO,37.6,127.0,HFRS,229,2,227,0.0124,167,52,0
1997,JPN,Japan,WPRO,35.7,139.7,HFRS,14,0,14,0.0217,13,3,0
1997,TWN,Taiwan,WPRO,25.0,121.5,HFRS,6,0,6,0.0361,4,1,0
1997,RUS,Russia,EURO,55.8,37.6,HFRS,3928,153,3775,0.0391,2791,1040,0
1997,FIN,Finland,EURO,60.2,24.9,HFRS,1693,8,1685,0.005,1216,350,0
1997,DEU,Germany,EURO,52.5,13.4,HFRS,1408,3,1405,0.0026,1207,390,0
1997,SWE,Sweden,EURO,59.3,18.1,HFRS,218,0,218,0.0029,184,69,0
1997,BEL,Belgium,EURO,50.8,4.4,HFRS,55,0,55,0.0016,51,19,0
1997,FRA,France,EURO,48.9,2.3,HFRS,87,0,87,0.0029,66,13,0
1997,HRV,Croatia,EURO,45.8,16.0,HFRS,66,2,64,0.0341,55,9,0
1997,SVN,Slovenia,EURO,46.1,14.5,HFRS,70,2,68,0.0396,61,17,0
1997,GRC,Greece,EURO,37.97,23.73,HFRS,13,0,13,0.0526,11,2,0
1997,GBR,United Kingdom,EURO,51.5,-0.1,HFRS,16,0,16,0.0265,14,4,0
1998,ARG,Argentina,AMRO,-34.6,-58.4,HPS,66,17,49,0.2627,61,22,0
1998,CHL,Chile,AMRO,-33.4,-70.6,HPS,13,3,10,0.3065,11,4,0
1998,BRA,Brazil,AMRO,-15.8,-47.9,HPS,43,15,28,0.3571,40,14,0
1998,BOL,Bolivia,AMRO,-16.5,-68.2,HPS,10,3,7,0.3203,8,1,0
1998,PRY,Paraguay,AMRO,-25.3,-57.6,HPS,4,1,3,0.3584,3,1,0
1998,URY,Uruguay,AMRO,-34.9,-56.2,HPS,6,1,5,0.2833,5,1,0
1998,PAN,Panama,AMRO,9.0,-79.5,HPS,17,4,13,0.2871,13,2,0
1998,USA,USA,AMRO,38.9,-77.0,HPS,22,7,15,0.3606,16,5,0
1998,CAN,Canada,AMRO,45.4,-75.7,HPS,2,0,2,0.2966,1,0,0
1998,CRI,Costa Rica,AMRO,9.9,-84.1,HPS,1,0,1,0.3158,0,0,0
1998,COL,Colombia,AMRO,4.7,-74.1,HPS,2,0,2,0.3341,1,0,0
1998,CHN,China,WPRO,39.9,116.4,HFRS,6337,70,6267,0.0112,5632,1718,0
1998,KOR,South Korea,WPRO,37.6,127.0,HFRS,566,8,558,0.0143,415,63,0
1998,JPN,Japan,WPRO,35.7,139.7,HFRS,9,0,9,0.0218,7,1,0
1998,TWN,Taiwan,WPRO,25.0,121.5,HFRS,13,0,13,0.0204,10,3,0
1998,RUS,Russia,EURO,55.8,37.6,HFRS,7636,218,7418,0.0287,6991,2708,0
1998,FIN,Finland,EURO,60.2,24.9,HFRS,974,4,970,0.0047,801,171,0
1998,DEU,Germany,EURO,52.5,13.4,HFRS,877,3,874,0.0039,721,167,0
1998,SWE,Sweden,EURO,59.3,18.1,HFRS,264,0,264,0.0017,189,34,0
1998,BEL,Belgium,EURO,50.8,4.4,HFRS,66,0,66,0.0013,48,14,0
1998,FRA,France,EURO,48.9,2.3,HFRS,58,0,58,0.002,53,14,0
1998,HRV,Croatia,EURO,45.8,16.0,HFRS,82,2,80,0.0269,61,9,0
1998,SVN,Slovenia,EURO,46.1,14.5,HFRS,28,0,28,0.0184,20,3,0
1998,GRC,Greece,EURO,37.97,23.73,HFRS,9,0,9,0.0384,6,1,0
1998,GBR,United Kingdom,EURO,51.5,-0.1,HFRS,11,0,11,0.0238,7,2,0
1999,ARG,Argentina,AMRO,-34.6,-58.4,HPS,71,15,56,0.2123,65,24,0
1999,CHL,Chile,AMRO,-33.4,-70.6,HPS,23,8,15,0.3709,20,3,0
1999,BRA,Brazil,AMRO,-15.8,-47.9,HPS,35,13,22,0.3727,29,7,0
1999,BOL,Bolivia,AMRO,-16.5,-68.2,HPS,7,2,5,0.3621,4,0,0
1999,PRY,Paraguay,AMRO,-25.3,-57.6,HPS,12,4,8,0.3632,9,2,0
1999,URY,Uruguay,AMRO,-34.9,-56.2,HPS,2,0,2,0.2671,1,0,0
1999,PAN,Panama,AMRO,9.0,-79.5,HPS,9,2,7,0.3066,6,1,0
1999,USA,USA,AMRO,38.9,-77.0,HPS,10,3,7,0.3327,7,2,0
1999,CAN,Canada,AMRO,45.4,-75.7,HPS,2,0,2,0.3383,1,0,0
1999,CRI,Costa Rica,AMRO,9.9,-84.1,HPS,0,0,0,0.2806,0,0,0
1999,COL,Colombia,AMRO,4.7,-74.1,HPS,2,0,2,0.2691,1,0,0
1999,CHN,China,WPRO,39.9,116.4,HFRS,12432,408,12024,0.0328,9809,3890,0
1999,KOR,South Korea,WPRO,37.6,127.0,HFRS,515,7,508,0.0147,373,70,0
1999,JPN,Japan,WPRO,35.7,139.7,HFRS,8,0,8,0.0132,5,1,0
1999,TWN,Taiwan,WPRO,25.0,121.5,HFRS,5,0,5,0.0369,3,0,0
1999,RUS,Russia,EURO,55.8,37.6,HFRS,7672,302,7370,0.0395,5585,1393,0
1999,FIN,Finland,EURO,60.2,24.9,HFRS,2450,10,2440,0.0045,2215,475,0
1999,DEU,Germany,EURO,52.5,13.4,HFRS,577,1,576,0.003,537,155,0
1999,SWE,Sweden,EURO,59.3,18.1,HFRS,248,0,248,0.0018,221,43,0
1999,BEL,Belgium,EURO,50.8,4.4,HFRS,92,0,92,0.0019,76,16,0
1999,FRA,France,EURO,48.9,2.3,HFRS,51,0,51,0.0028,39,11,0
1999,HRV,Croatia,EURO,45.8,16.0,HFRS,42,1,41,0.0392,34,5,0
1999,SVN,Slovenia,EURO,46.1,14.5,HFRS,37,0,37,0.014,26,10,0
1999,GRC,Greece,EURO,37.97,23.73,HFRS,13,0,13,0.0524,9,2,0
1999,GBR,United Kingdom,EURO,51.5,-0.1,HFRS,14,0,14,0.0219,11,2,0
2000,ARG,Argentina,AMRO,-34.6,-58.4,HPS,54,18,36,0.3394,49,19,0
2000,CHL,Chile,AMRO,-33.4,-70.6,HPS,41,16,25,0.3908,30,4,1
2000,BRA,Brazil,AMRO,-15.8,-47.9,HPS,47,20,27,0.4263,34,11,0
2000,BOL,Bolivia,AMRO,-16.5,-68.2,HPS,5,1,4,0.2745,3,1,0
2000,PRY,Paraguay,AMRO,-25.3,-57.6,HPS,12,3,9,0.3037,9,3,0
2000,URY,Uruguay,AMRO,-34.9,-56.2,HPS,3,0,3,0.3225,2,0,0
2000,PAN,Panama,AMRO,9.0,-79.5,HPS,13,3,10,0.2952,11,3,0
2000,USA,USA,AMRO,38.9,-77.0,HPS,11,4,7,0.39,8,2,0
2000,CAN,Canada,AMRO,45.4,-75.7,HPS,3,0,3,0.3312,2,0,0
2000,CRI,Costa Rica,AMRO,9.9,-84.1,HPS,1,0,1,0.2502,0,0,0
2000,COL,Colombia,AMRO,4.7,-74.1,HPS,3,0,3,0.33,2,0,0
2000,CHN,China,WPRO,39.9,116.4,HFRS,6386,143,6243,0.0225,4866,1634,0
2000,KOR,South Korea,WPRO,37.6,127.0,HFRS,217,4,213,0.0214,193,71,0
2000,JPN,Japan,WPRO,35.7,139.7,HFRS,9,0,9,0.0264,6,2,0
2000,TWN,Taiwan,WPRO,25.0,121.5,HFRS,5,0,5,0.0219,4,0,0
2000,RUS,Russia,EURO,55.8,37.6,HFRS,5847,185,5662,0.0317,5145,1596,0
2000,FIN,Finland,EURO,60.2,24.9,HFRS,1926,6,1920,0.0032,1469,347,0
2000,DEU,Germany,EURO,52.5,13.4,HFRS,588,2,586,0.0037,497,124,0
2000,SWE,Sweden,EURO,59.3,18.1,HFRS,220,0,220,0.0038,162,48,0
2000,BEL,Belgium,EURO,50.8,4.4,HFRS,115,0,115,0.0022,81,29,0
2000,FRA,France,EURO,48.9,2.3,HFRS,136,0,136,0.0027,118,44,0
2000,HRV,Croatia,EURO,45.8,16.0,HFRS,85,2,83,0.0261,71,21,0
2000,SVN,Slovenia,EURO,46.1,14.5,HFRS,42,1,41,0.0321,39,14,0
2000,GRC,Greece,EURO,37.97,23.73,HFRS,16,0,16,0.0245,15,5,0
2000,GBR,United Kingdom,EURO,51.5,-0.1,HFRS,6,0,6,0.0284,5,1,0
2001,ARG,Argentina,AMRO,-34.6,-58.4,HPS,76,19,57,0.2599,54,12,3
2001,CHL,Chile,AMRO,-33.4,-70.6,HPS,15,4,11,0.3,11,3,0
2001,BRA,Brazil,AMRO,-15.8,-47.9,HPS,38,13,25,0.352,33,8,0
2001,BOL,Bolivia,AMRO,-16.5,-68.2,HPS,5,1,4,0.3179,3,0,0
2001,PRY,Paraguay,AMRO,-25.3,-57.6,HPS,11,3,8,0.287,10,2,0
2001,URY,Uruguay,AMRO,-34.9,-56.2,HPS,5,1,4,0.2948,3,0,0
2001,PAN,Panama,AMRO,9.0,-79.5,HPS,9,3,6,0.3942,6,1,0
2001,USA,USA,AMRO,38.9,-77.0,HPS,9,3,6,0.3997,7,2,0
2001,CAN,Canada,AMRO,45.4,-75.7,HPS,1,0,1,0.3475,0,0,0
2001,CRI,Costa Rica,AMRO,9.9,-84.1,HPS,1,0,1,0.2286,0,0,0
2001,COL,Colombia,AMRO,4.7,-74.1,HPS,3,0,3,0.2599,2,0,0
2001,CHN,China,WPRO,39.9,116.4,HFRS,10682,295,10387,0.0276,8547,2477,0
2001,KOR,South Korea,WPRO,37.6,127.0,HFRS,280,3,277,0.0136,256,98,0
2001,JPN,Japan,WPRO,35.7,139.7,HFRS,9,0,9,0.0154,7,1,0
2001,TWN,Taiwan,WPRO,25.0,121.5,HFRS,4,0,4,0.0147,3,0,0
2001,RUS,Russia,EURO,55.8,37.6,HFRS,3870,64,3806,0.0167,2932,932,0
2001,FIN,Finland,EURO,60.2,24.9,HFRS,712,1,711,0.0014,640,124,0
2001,DEU,Germany,EURO,52.5,13.4,HFRS,1078,1,1077,0.0017,781,164,0
2001,SWE,Sweden,EURO,59.3,18.1,HFRS,287,1,286,0.0036,260,64,0
2001,BEL,Belgium,EURO,50.8,4.4,HFRS,136,0,136,0.0014,105,39,0
2001,FRA,France,EURO,48.9,2.3,HFRS,41,0,41,0.0013,30,4,0
2001,HRV,Croatia,EURO,45.8,16.0,HFRS,44,1,43,0.0433,35,13,0
2001,SVN,Slovenia,EURO,46.1,14.5,HFRS,62,1,61,0.0203,47,11,0
2001,GRC,Greece,EURO,37.97,23.73,HFRS,19,0,19,0.0307,16,4,0
2001,GBR,United Kingdom,EURO,51.5,-0.1,HFRS,12,0,12,0.0187,9,3,0
2002,ARG,Argentina,AMRO,-34.6,-58.4,HPS,94,20,74,0.221,86,23,4
2002,CHL,Chile,AMRO,-33.4,-70.6,HPS,48,15,33,0.3138,33,7,1
2002,BRA,Brazil,AMRO,-15.8,-47.9,HPS,55,18,37,0.3387,40,14,0
2002,BOL,Bolivia,AMRO,-16.5,-68.2,HPS,14,4,10,0.3289,10,2,0
2002,PRY,Paraguay,AMRO,-25.3,-57.6,HPS,5,1,4,0.3663,3,0,0
2002,URY,Uruguay,AMRO,-34.9,-56.2,HPS,3,0,3,0.2831,2,0,0
2002,PAN,Panama,AMRO,9.0,-79.5,HPS,10,2,8,0.2516,7,2,0
2002,USA,USA,AMRO,38.9,-77.0,HPS,25,8,17,0.3597,21,6,0
2002,CAN,Canada,AMRO,45.4,-75.7,HPS,1,0,1,0.3689,0,0,0
2002,CRI,Costa Rica,AMRO,9.9,-84.1,HPS,1,0,1,0.207,0,0,0
2002,COL,Colombia,AMRO,4.7,-74.1,HPS,1,0,1,0.3405,0,0,0
2002,CHN,China,WPRO,39.9,116.4,HFRS,7807,189,7618,0.0242,6868,1540,0
2002,KOR,South Korea,WPRO,37.6,127.0,HFRS,494,9,485,0.0195,427,164,0
2002,JPN,Japan,WPRO,35.7,139.7,HFRS,14,0,14,0.0143,9,1,0
2002,TWN,Taiwan,WPRO,25.0,121.5,HFRS,10,0,10,0.0115,8,2,0
2002,RUS,Russia,EURO,55.8,37.6,HFRS,6668,220,6448,0.0331,4845,817,0
2002,FIN,Finland,EURO,60.2,24.9,HFRS,1935,5,1930,0.003,1687,436,0
2002,DEU,Germany,EURO,52.5,13.4,HFRS,656,2,654,0.0035,590,190,0
2002,SWE,Sweden,EURO,59.3,18.1,HFRS,170,0,170,0.0028,134,23,0
2002,BEL,Belgium,EURO,50.8,4.4,HFRS,169,0,169,0.0013,158,41,0
2002,FRA,France,EURO,48.9,2.3,HFRS,59,0,59,0.0026,54,17,0
2002,HRV,Croatia,EURO,45.8,16.0,HFRS,92,4,88,0.0464,80,28,0
2002,SVN,Slovenia,EURO,46.1,14.5,HFRS,32,0,32,0.0247,24,9,0
2002,GRC,Greece,EURO,37.97,23.73,HFRS,25,0,25,0.0216,21,8,0
2002,GBR,United Kingdom,EURO,51.5,-0.1,HFRS,7,0,7,0.0214,6,0,0
2003,ARG,Argentina,AMRO,-34.6,-58.4,HPS,92,22,70,0.2446,85,33,4
2003,CHL,Chile,AMRO,-33.4,-70.6,HPS,36,13,23,0.3793,32,7,1
2003,BRA,Brazil,AMRO,-15.8,-47.9,HPS,24,9,15,0.3894,18,3,0
2003,BOL,Bolivia,AMRO,-16.5,-68.2,HPS,4,1,3,0.3544,3,0,0
2003,PRY,Paraguay,AMRO,-25.3,-57.6,HPS,6,1,5,0.2704,5,1,0
2003,URY,Uruguay,AMRO,-34.9,-56.2,HPS,4,1,3,0.2939,3,0,0
2003,PAN,Panama,AMRO,9.0,-79.5,HPS,11,2,9,0.2537,10,1,0
2003,USA,USA,AMRO,38.9,-77.0,HPS,27,9,18,0.3529,25,8,0
2003,CAN,Canada,AMRO,45.4,-75.7,HPS,4,1,3,0.2956,3,0,0
2003,CRI,Costa Rica,AMRO,9.9,-84.1,HPS,1,0,1,0.2941,0,0,0
2003,COL,Colombia,AMRO,4.7,-74.1,HPS,4,1,3,0.3127,3,1,0
2003,CHN,China,WPRO,39.9,116.4,HFRS,7131,102,7029,0.0144,5623,1247,0
2003,KOR,South Korea,WPRO,37.6,127.0,HFRS,354,5,349,0.0147,251,38,0
2003,JPN,Japan,WPRO,35.7,139.7,HFRS,17,0,17,0.0186,13,4,0
2003,TWN,Taiwan,WPRO,25.0,121.5,HFRS,6,0,6,0.0385,5,0,0
2003,RUS,Russia,EURO,55.8,37.6,HFRS,7341,267,7074,0.0364,6872,1833,0
2003,FIN,Finland,EURO,60.2,24.9,HFRS,1712,2,1710,0.0017,1622,337,0
2003,DEU,Germany,EURO,52.5,13.4,HFRS,1380,4,1376,0.0029,1175,326,0
2003,SWE,Sweden,EURO,59.3,18.1,HFRS,159,0,159,0.0015,120,23,0
2003,BEL,Belgium,EURO,50.8,4.4,HFRS,151,0,151,0.0017,107,41,0
2003,FRA,France,EURO,48.9,2.3,HFRS,131,0,131,0.0038,124,23,0
2003,HRV,Croatia,EURO,45.8,16.0,HFRS,60,3,57,0.0503,52,9,0
2003,SVN,Slovenia,EURO,46.1,14.5,HFRS,62,1,61,0.0167,46,13,0
2003,GRC,Greece,EURO,37.97,23.73,HFRS,19,0,19,0.0432,13,4,0
2003,GBR,United Kingdom,EURO,51.5,-0.1,HFRS,8,0,8,0.0126,7,2,0
2004,ARG,Argentina,AMRO,-34.6,-58.4,HPS,111,35,76,0.3214,95,27,0
2004,CHL,Chile,AMRO,-33.4,-70.6,HPS,35,10,25,0.3059,26,8,0
2004,BRA,Brazil,AMRO,-15.8,-47.9,HPS,27,8,19,0.333,23,3,0
2004,BOL,Bolivia,AMRO,-16.5,-68.2,HPS,13,4,9,0.3243,10,2,0
2004,PRY,Paraguay,AMRO,-25.3,-57.6,HPS,18,4,14,0.2756,15,4,0
2004,URY,Uruguay,AMRO,-34.9,-56.2,HPS,3,0,3,0.3318,2,0,0
2004,PAN,Panama,AMRO,9.0,-79.5,HPS,23,8,15,0.3801,20,7,0
2004,USA,USA,AMRO,38.9,-77.0,HPS,24,8,16,0.368,20,6,0
2004,CAN,Canada,AMRO,45.4,-75.7,HPS,2,0,2,0.3645,1,0,0
2004,CRI,Costa Rica,AMRO,9.9,-84.1,HPS,2,0,2,0.2193,1,0,0
2004,COL,Colombia,AMRO,4.7,-74.1,HPS,2,0,2,0.3727,1,0,0
2004,CHN,China,WPRO,39.9,116.4,HFRS,4412,94,4318,0.0215,3768,1489,0
2004,KOR,South Korea,WPRO,37.6,127.0,HFRS,528,8,520,0.0152,453,129,0
2004,JPN,Japan,WPRO,35.7,139.7,HFRS,15,0,15,0.0121,13,3,0
2004,TWN,Taiwan,WPRO,25.0,121.5,HFRS,14,0,14,0.0203,12,4,0
2004,RUS,Russia,EURO,55.8,37.6,HFRS,4397,167,4230,0.0381,3834,640,0
2004,FIN,Finland,EURO,60.2,24.9,HFRS,1160,4,1156,0.0038,831,245,0
2004,DEU,Germany,EURO,52.5,13.4,HFRS,759,2,757,0.0029,539,198,0
2004,SWE,Sweden,EURO,59.3,18.1,HFRS,353,1,352,0.0039,313,57,0
2004,BEL,Belgium,EURO,50.8,4.4,HFRS,148,0,148,0.001,104,24,0
2004,FRA,France,EURO,48.9,2.3,HFRS,90,0,90,0.0033,78,20,0
2004,HRV,Croatia,EURO,45.8,16.0,HFRS,51,3,48,0.0599,41,10,0
2004,SVN,Slovenia,EURO,46.1,14.5,HFRS,28,0,28,0.0338,24,4,0
2004,GRC,Greece,EURO,37.97,23.73,HFRS,9,0,9,0.0472,7,1,0
2004,GBR,United Kingdom,EURO,51.5,-0.1,HFRS,17,0,17,0.013,13,5,0
2005,ARG,Argentina,AMRO,-34.6,-58.4,HPS,75,22,53,0.2958,59,12,3
2005,CHL,Chile,AMRO,-33.4,-70.6,HPS,37,14,23,0.3841,28,5,0
2005,BRA,Brazil,AMRO,-15.8,-47.9,HPS,64,22,42,0.3553,58,15,0
2005,BOL,Bolivia,AMRO,-16.5,-68.2,HPS,15,4,11,0.2778,13,4,0
2005,PRY,Paraguay,AMRO,-25.3,-57.6,HPS,18,6,12,0.3552,16,4,0
2005,URY,Uruguay,AMRO,-34.9,-56.2,HPS,3,0,3,0.2049,2,0,0
2005,PAN,Panama,AMRO,9.0,-79.5,HPS,23,7,16,0.3222,16,2,0
2005,USA,USA,AMRO,38.9,-77.0,HPS,25,8,17,0.343,18,4,0
2005,CAN,Canada,AMRO,45.4,-75.7,HPS,1,0,1,0.3257,0,0,0
2005,CRI,Costa Rica,AMRO,9.9,-84.1,HPS,1,0,1,0.2683,0,0,0
2005,COL,Colombia,AMRO,4.7,-74.1,HPS,3,0,3,0.322,2,0,0
2005,CHN,China,WPRO,39.9,116.4,HFRS,12013,533,11480,0.0444,10751,1719,0
2005,KOR,South Korea,WPRO,37.6,127.0,HFRS,449,5,444,0.0121,341,135,0
2005,JPN,Japan,WPRO,35.7,139.7,HFRS,6,0,6,0.02,5,1,0
2005,TWN,Taiwan,WPRO,25.0,121.5,HFRS,9,0,9,0.0103,7,1,0
2005,RUS,Russia,EURO,55.8,37.6,HFRS,4206,86,4120,0.0205,2979,505,0
2005,FIN,Finland,EURO,60.2,24.9,HFRS,1304,1,1303,0.0015,1097,353,0
2005,DEU,Germany,EURO,52.5,13.4,HFRS,1232,1,1231,0.0016,913,160,0
2005,SWE,Sweden,EURO,59.3,18.1,HFRS,265,0,265,0.0031,187,71,0
2005,BEL,Belgium,EURO,50.8,4.4,HFRS,56,0,56,0.0021,49,18,0
2005,FRA,France,EURO,48.9,2.3,HFRS,114,0,114,0.0034,89,31,0
2005,HRV,Croatia,EURO,45.8,16.0,HFRS,36,2,34,0.0558,30,10,0
2005,SVN,Slovenia,EURO,46.1,14.5,HFRS,43,1,42,0.0293,35,11,0
2005,GRC,Greece,EURO,37.97,23.73,HFRS,9,0,9,0.0224,6,1,0
2005,GBR,United Kingdom,EURO,51.5,-0.1,HFRS,16,0,16,0.0144,15,3,0
2006,ARG,Argentina,AMRO,-34.6,-58.4,HPS,55,17,38,0.3185,47,12,1
2006,CHL,Chile,AMRO,-33.4,-70.6,HPS,53,15,38,0.2843,50,19,1
2006,BRA,Brazil,AMRO,-15.8,-47.9,HPS,37,14,23,0.402,26,4,0
2006,BOL,Bolivia,AMRO,-16.5,-68.2,HPS,7,2,5,0.3194,6,1,0
2006,PRY,Paraguay,AMRO,-25.3,-57.6,HPS,18,5,13,0.2881,14,3,0
2006,URY,Uruguay,AMRO,-34.9,-56.2,HPS,8,1,7,0.206,7,2,0
2006,PAN,Panama,AMRO,9.0,-79.5,HPS,16,5,11,0.3588,13,4,0
2006,USA,USA,AMRO,38.9,-77.0,HPS,31,10,21,0.3422,23,6,0
2006,CAN,Canada,AMRO,45.4,-75.7,HPS,5,1,4,0.2774,4,1,0
2006,CRI,Costa Rica,AMRO,9.9,-84.1,HPS,2,0,2,0.2197,1,0,0
2006,COL,Colombia,AMRO,4.7,-74.1,HPS,2,0,2,0.2856,1,0,0
2006,CHN,China,WPRO,39.9,116.4,HFRS,13594,403,13191,0.0297,10356,3807,0
2006,KOR,South Korea,WPRO,37.6,127.0,HFRS,431,8,423,0.0203,340,101,0
2006,JPN,Japan,WPRO,35.7,139.7,HFRS,7,0,7,0.0178,6,1,0
2006,TWN,Taiwan,WPRO,25.0,121.5,HFRS,10,0,10,0.0198,8,1,0
2006,RUS,Russia,EURO,55.8,37.6,HFRS,11888,280,11608,0.0236,9023,1519,0
2006,FIN,Finland,EURO,60.2,24.9,HFRS,912,2,910,0.0031,715,255,0
2006,DEU,Germany,EURO,52.5,13.4,HFRS,848,1,847,0.0017,724,236,0
2006,SWE,Sweden,EURO,59.3,18.1,HFRS,143,0,143,0.0015,101,33,0
2006,BEL,Belgium,EURO,50.8,4.4,HFRS,136,0,136,0.0019,123,43,0
2006,FRA,France,EURO,48.9,2.3,HFRS,100,0,100,0.0036,75,13,0
2006,HRV,Croatia,EURO,45.8,16.0,HFRS,51,1,50,0.0223,42,16,0
2006,SVN,Slovenia,EURO,46.1,14.5,HFRS,22,0,22,0.0137,17,6,0
2006,GRC,Greece,EURO,37.97,23.73,HFRS,13,0,13,0.0403,9,1,0
2006,GBR,United Kingdom,EURO,51.5,-0.1,HFRS,17,0,17,0.0293,11,4,0
2007,ARG,Argentina,AMRO,-34.6,-58.4,HPS,103,34,69,0.3302,83,23,2
2007,CHL,Chile,AMRO,-33.4,-70.6,HPS,53,14,39,0.2709,37,8,1
2007,BRA,Brazil,AMRO,-15.8,-47.9,HPS,39,15,24,0.401,36,6,0
2007,BOL,Bolivia,AMRO,-16.5,-68.2,HPS,13,4,9,0.3166,11,2,0
2007,PRY,Paraguay,AMRO,-25.3,-57.6,HPS,18,6,12,0.3541,16,5,0
2007,URY,Uruguay,AMRO,-34.9,-56.2,HPS,5,1,4,0.2927,4,1,0
2007,PAN,Panama,AMRO,9.0,-79.5,HPS,8,3,5,0.3896,6,1,0
2007,USA,USA,AMRO,38.9,-77.0,HPS,15,5,10,0.3659,11,3,0
2007,CAN,Canada,AMRO,45.4,-75.7,HPS,2,0,2,0.3355,1,0,0
2007,CRI,Costa Rica,AMRO,9.9,-84.1,HPS,3,0,3,0.261,2,0,0
2007,COL,Colombia,AMRO,4.7,-74.1,HPS,4,1,3,0.3608,3,0,0
2007,CHN,China,WPRO,39.9,116.4,HFRS,7697,282,7415,0.0367,6942,2364,0
2007,KOR,South Korea,WPRO,37.6,127.0,HFRS,614,11,603,0.0187,555,99,0
2007,JPN,Japan,WPRO,35.7,139.7,HFRS,12,0,12,0.0101,9,2,0
2007,TWN,Taiwan,WPRO,25.0,121.5,HFRS,8,0,8,0.0309,6,1,0
2007,RUS,Russia,EURO,55.8,37.6,HFRS,5383,114,5269,0.0212,4073,685,0
2007,FIN,Finland,EURO,60.2,24.9,HFRS,1603,5,1598,0.0037,1370,364,0
2007,DEU,Germany,EURO,52.5,13.4,HFRS,794,2,792,0.0036,658,177,0
2007,SWE,Sweden,EURO,59.3,18.1,HFRS,106,0,106,0.002,84,20,0
2007,BEL,Belgium,EURO,50.8,4.4,HFRS,125,0,125,0.0021,106,36,0
2007,FRA,France,EURO,48.9,2.3,HFRS,124,0,124,0.0032,116,17,0
2007,HRV,Croatia,EURO,45.8,16.0,HFRS,45,0,45,0.0203,38,14,0
2007,SVN,Slovenia,EURO,46.1,14.5,HFRS,32,1,31,0.0378,22,8,0
2007,GRC,Greece,EURO,37.97,23.73,HFRS,14,0,14,0.0241,11,2,0
2007,GBR,United Kingdom,EURO,51.5,-0.1,HFRS,8,0,8,0.0161,7,1,0
2008,ARG,Argentina,AMRO,-34.6,-58.4,HPS,73,21,52,0.2916,64,13,1
2008,CHL,Chile,AMRO,-33.4,-70.6,HPS,26,7,19,0.2772,22,4,0
2008,BRA,Brazil,AMRO,-15.8,-47.9,HPS,76,24,52,0.316,63,13,0
2008,BOL,Bolivia,AMRO,-16.5,-68.2,HPS,17,5,12,0.3225,15,4,0
2008,PRY,Paraguay,AMRO,-25.3,-57.6,HPS,7,2,5,0.3213,6,1,0
2008,URY,Uruguay,AMRO,-34.9,-56.2,HPS,8,2,6,0.3326,6,1,0
2008,PAN,Panama,AMRO,9.0,-79.5,HPS,21,6,15,0.3117,19,7,0
2008,USA,USA,AMRO,38.9,-77.0,HPS,19,6,13,0.3237,17,3,0
2008,CAN,Canada,AMRO,45.4,-75.7,HPS,5,1,4,0.3051,4,0,0
2008,CRI,Costa Rica,AMRO,9.9,-84.1,HPS,2,0,2,0.2678,1,0,0
2008,COL,Colombia,AMRO,4.7,-74.1,HPS,4,1,3,0.3794,3,0,0
2008,CHN,China,WPRO,39.9,116.4,HFRS,4351,155,4196,0.0357,3706,1062,0
2008,KOR,South Korea,WPRO,37.6,127.0,HFRS,320,5,315,0.0178,271,74,0
2008,JPN,Japan,WPRO,35.7,139.7,HFRS,17,0,17,0.0127,14,3,0
2008,TWN,Taiwan,WPRO,25.0,121.5,HFRS,8,0,8,0.0315,6,2,0
2008,RUS,Russia,EURO,55.8,37.6,HFRS,4374,57,4317,0.0131,3853,1135,0
2008,FIN,Finland,EURO,60.2,24.9,HFRS,1053,1,1052,0.0013,759,283,0
2008,DEU,Germany,EURO,52.5,13.4,HFRS,599,1,598,0.002,453,108,0
2008,SWE,Sweden,EURO,59.3,18.1,HFRS,118,0,118,0.0026,84,29,0
2008,BEL,Belgium,EURO,50.8,4.4,HFRS,80,0,80,0.0021,73,22,0
2008,FRA,France,EURO,48.9,2.3,HFRS,95,0,95,0.002,74,23,0
2008,HRV,Croatia,EURO,45.8,16.0,HFRS,107,4,103,0.0465,89,29,0
2008,SVN,Slovenia,EURO,46.1,14.5,HFRS,44,0,44,0.0118,36,14,0
2008,GRC,Greece,EURO,37.97,23.73,HFRS,10,0,10,0.0476,7,1,0
2008,GBR,United Kingdom,EURO,51.5,-0.1,HFRS,6,0,6,0.019,5,1,0
2009,ARG,Argentina,AMRO,-34.6,-58.4,HPS,114,36,78,0.3193,106,22,2
2009,CHL,Chile,AMRO,-33.4,-70.6,HPS,29,11,18,0.3989,27,7,1
2009,BRA,Brazil,AMRO,-15.8,-47.9,HPS,65,25,40,0.3935,46,15,0
2009,BOL,Bolivia,AMRO,-16.5,-68.2,HPS,6,2,4,0.3739,5,1,0
2009,PRY,Paraguay,AMRO,-25.3,-57.6,HPS,7,1,6,0.2685,5,1,0
2009,URY,Uruguay,AMRO,-34.9,-56.2,HPS,3,1,2,0.3405,2,0,0
2009,PAN,Panama,AMRO,9.0,-79.5,HPS,17,5,12,0.3171,14,3,0
2009,USA,USA,AMRO,38.9,-77.0,HPS,35,12,23,0.3497,33,11,0
2009,CAN,Canada,AMRO,45.4,-75.7,HPS,2,0,2,0.371,1,0,0
2009,CRI,Costa Rica,AMRO,9.9,-84.1,HPS,2,0,2,0.3317,1,0,0
2009,COL,Colombia,AMRO,4.7,-74.1,HPS,5,1,4,0.2957,3,0,0
2009,CHN,China,WPRO,39.9,116.4,HFRS,5862,221,5641,0.0378,4610,1815,0
2009,KOR,South Korea,WPRO,37.6,127.0,HFRS,533,14,519,0.0264,390,142,0
2009,JPN,Japan,WPRO,35.7,139.7,HFRS,16,0,16,0.0197,13,4,0
2009,TWN,Taiwan,WPRO,25.0,121.5,HFRS,5,0,5,0.0251,3,0,0
2009,RUS,Russia,EURO,55.8,37.6,HFRS,6320,76,6244,0.012,4464,820,0
2009,FIN,Finland,EURO,60.2,24.9,HFRS,2123,6,2117,0.0032,1998,515,0
2009,DEU,Germany,EURO,52.5,13.4,HFRS,724,1,723,0.0025,586,103,0
2009,SWE,Sweden,EURO,59.3,18.1,HFRS,266,0,266,0.0016,227,70,0
2009,BEL,Belgium,EURO,50.8,4.4,HFRS,69,0,69,0.0011,61,16,0
2009,FRA,France,EURO,48.9,2.3,HFRS,46,0,46,0.004,32,10,0
2009,HRV,Croatia,EURO,45.8,16.0,HFRS,106,3,103,0.0296,77,13,0
2009,SVN,Slovenia,EURO,46.1,14.5,HFRS,35,0,35,0.013,30,4,0
2009,GRC,Greece,EURO,37.97,23.73,HFRS,17,1,16,0.0599,15,4,0
2009,GBR,United Kingdom,EURO,51.5,-0.1,HFRS,8,0,8,0.0225,6,1,0
2010,ARG,Argentina,AMRO,-34.6,-58.4,HPS,58,19,39,0.333,47,9,1
2010,CHL,Chile,AMRO,-33.4,-70.6,HPS,45,16,29,0.3741,39,13,0
2010,BRA,Brazil,AMRO,-15.8,-47.9,HPS,60,22,38,0.3722,42,9,0
2010,BOL,Bolivia,AMRO,-16.5,-68.2,HPS,16,4,12,0.2706,13,2,0
2010,PRY,Paraguay,AMRO,-25.3,-57.6,HPS,7,1,6,0.2586,6,2,0
2010,URY,Uruguay,AMRO,-34.9,-56.2,HPS,10,2,8,0.2732,7,2,0
2010,PAN,Panama,AMRO,9.0,-79.5,HPS,19,7,12,0.3767,13,3,0
2010,USA,USA,AMRO,38.9,-77.0,HPS,15,4,11,0.3325,13,3,0
2010,CAN,Canada,AMRO,45.4,-75.7,HPS,3,0,3,0.3013,2,0,0
2010,CRI,Costa Rica,AMRO,9.9,-84.1,HPS,3,1,2,0.3433,2,0,0
2010,COL,Colombia,AMRO,4.7,-74.1,HPS,5,1,4,0.3156,3,1,0
2010,CHN,China,WPRO,39.9,116.4,HFRS,4377,201,4176,0.0461,3568,1103,0
2010,KOR,South Korea,WPRO,37.6,127.0,HFRS,542,15,527,0.0279,465,141,0
2010,JPN,Japan,WPRO,35.7,139.7,HFRS,5,0,5,0.0204,3,1,0
2010,TWN,Taiwan,WPRO,25.0,121.5,HFRS,9,0,9,0.0304,6,1,0
2010,RUS,Russia,EURO,55.8,37.6,HFRS,9114,110,9004,0.0122,6542,1001,0
2010,FIN,Finland,EURO,60.2,24.9,HFRS,2081,8,2073,0.004,1640,367,0
2010,DEU,Germany,EURO,52.5,13.4,HFRS,763,2,761,0.0033,660,129,0
2010,SWE,Sweden,EURO,59.3,18.1,HFRS,145,0,145,0.0013,125,42,0
2010,BEL,Belgium,EURO,50.8,4.4,HFRS,84,0,84,0.001,60,23,0
2010,FRA,France,EURO,48.9,2.3,HFRS,70,0,70,0.0033,59,14,0
2010,HRV,Croatia,EURO,45.8,16.0,HFRS,46,1,45,0.0249,39,13,0
2010,SVN,Slovenia,EURO,46.1,14.5,HFRS,53,1,52,0.0259,37,14,0
2010,GRC,Greece,EURO,37.97,23.73,HFRS,23,0,23,0.0317,21,6,0
2010,GBR,United Kingdom,EURO,51.5,-0.1,HFRS,12,0,12,0.025,10,3,0
2011,ARG,Argentina,AMRO,-34.6,-58.4,HPS,59,14,45,0.2507,54,11,1
2011,CHL,Chile,AMRO,-33.4,-70.6,HPS,47,14,33,0.3159,40,15,0
2011,BRA,Brazil,AMRO,-15.8,-47.9,HPS,39,12,27,0.3296,35,10,0
2011,BOL,Bolivia,AMRO,-16.5,-68.2,HPS,9,3,6,0.3724,8,2,0
2011,PRY,Paraguay,AMRO,-25.3,-57.6,HPS,25,6,19,0.2604,22,5,0
2011,URY,Uruguay,AMRO,-34.9,-56.2,HPS,9,2,7,0.3093,8,2,0
2011,PAN,Panama,AMRO,9.0,-79.5,HPS,13,4,9,0.3318,12,4,0
2011,USA,USA,AMRO,38.9,-77.0,HPS,12,3,9,0.3165,8,2,0
2011,CAN,Canada,AMRO,45.4,-75.7,HPS,5,1,4,0.2778,4,1,0
2011,CRI,Costa Rica,AMRO,9.9,-84.1,HPS,3,0,3,0.2813,2,0,0
2011,COL,Colombia,AMRO,4.7,-74.1,HPS,3,1,2,0.3348,2,0,0
2011,CHN,China,WPRO,39.9,116.4,HFRS,10405,420,9985,0.0404,7699,2043,0
2011,KOR,South Korea,WPRO,37.6,127.0,HFRS,204,3,201,0.0149,179,71,0
2011,JPN,Japan,WPRO,35.7,139.7,HFRS,6,0,6,0.018,5,1,0
2011,TWN,Taiwan,WPRO,25.0,121.5,HFRS,9,0,9,0.032,7,1,0
2011,RUS,Russia,EURO,55.8,37.6,HFRS,6033,202,5831,0.0335,5059,765,0
2011,FIN,Finland,EURO,60.2,24.9,HFRS,1751,1,1750,0.0011,1552,311,0
2011,DEU,Germany,EURO,52.5,13.4,HFRS,1396,2,1394,0.0021,1091,204,0
2011,SWE,Sweden,EURO,59.3,18.1,HFRS,179,0,179,0.0036,169,40,0
2011,BEL,Belgium,EURO,50.8,4.4,HFRS,108,0,108,0.0024,99,29,0
2011,FRA,France,EURO,48.9,2.3,HFRS,80,0,80,0.0022,69,10,0
2011,HRV,Croatia,EURO,45.8,16.0,HFRS,78,2,76,0.0342,70,12,0
2011,SVN,Slovenia,EURO,46.1,14.5,HFRS,50,1,49,0.0244,43,7,0
2011,GRC,Greece,EURO,37.97,23.73,HFRS,18,0,18,0.0425,15,4,0
2011,GBR,United Kingdom,EURO,51.5,-0.1,HFRS,13,0,13,0.0261,9,3,0
2012,ARG,Argentina,AMRO,-34.6,-58.4,HPS,106,22,84,0.2116,75,17,4
2012,CHL,Chile,AMRO,-33.4,-70.6,HPS,66,24,42,0.3683,54,14,0
2012,BRA,Brazil,AMRO,-15.8,-47.9,HPS,57,20,37,0.3651,41,8,0
2012,BOL,Bolivia,AMRO,-16.5,-68.2,HPS,14,5,9,0.3603,13,4,0
2012,PRY,Paraguay,AMRO,-25.3,-57.6,HPS,20,5,15,0.2874,17,5,0
2012,URY,Uruguay,AMRO,-34.9,-56.2,HPS,4,1,3,0.2615,3,0,0
2012,PAN,Panama,AMRO,9.0,-79.5,HPS,24,8,16,0.3382,17,4,0
2012,USA,USA,AMRO,38.9,-77.0,HPS,21,6,15,0.3026,14,5,0
2012,CAN,Canada,AMRO,45.4,-75.7,HPS,3,0,3,0.3174,2,0,0
2012,CRI,Costa Rica,AMRO,9.9,-84.1,HPS,1,0,1,0.2644,0,0,0
2012,COL,Colombia,AMRO,4.7,-74.1,HPS,2,0,2,0.3704,1,0,0
2012,CHN,China,WPRO,39.9,116.4,HFRS,5199,68,5131,0.0132,4585,1256,0
2012,KOR,South Korea,WPRO,37.6,127.0,HFRS,427,10,417,0.0246,380,72,0
2012,JPN,Japan,WPRO,35.7,139.7,HFRS,12,0,12,0.0127,10,3,0
2012,TWN,Taiwan,WPRO,25.0,121.5,HFRS,13,0,13,0.0121,9,1,0
2012,RUS,Russia,EURO,55.8,37.6,HFRS,5189,90,5099,0.0174,4807,1020,0
2012,FIN,Finland,EURO,60.2,24.9,HFRS,988,3,985,0.004,802,276,0
2012,DEU,Germany,EURO,52.5,13.4,HFRS,467,1,466,0.0025,330,54,0
2012,SWE,Sweden,EURO,59.3,18.1,HFRS,335,0,335,0.0014,279,70,0
2012,BEL,Belgium,EURO,50.8,4.4,HFRS,95,0,95,0.0028,67,21,0
2012,FRA,France,EURO,48.9,2.3,HFRS,140,0,140,0.0027,130,21,0
2012,HRV,Croatia,EURO,45.8,16.0,HFRS,62,1,61,0.0304,54,21,0
2012,SVN,Slovenia,EURO,46.1,14.5,HFRS,33,0,33,0.0296,24,6,0
2012,GRC,Greece,EURO,37.97,23.73,HFRS,16,0,16,0.0589,13,3,0
2012,GBR,United Kingdom,EURO,51.5,-0.1,HFRS,6,0,6,0.013,4,0,0
2013,ARG,Argentina,AMRO,-34.6,-58.4,HPS,154,43,111,0.2842,127,22,6
2013,CHL,Chile,AMRO,-33.4,-70.6,HPS,69,17,52,0.2602,60,17,0
2013,BRA,Brazil,AMRO,-15.8,-47.9,HPS,70,26,44,0.3727,51,19,0
2013,BOL,Bolivia,AMRO,-16.5,-68.2,HPS,19,6,13,0.3504,15,3,0
2013,PRY,Paraguay,AMRO,-25.3,-57.6,HPS,21,6,15,0.3073,15,4,0
2013,URY,Uruguay,AMRO,-34.9,-56.2,HPS,9,2,7,0.2689,6,2,0
2013,PAN,Panama,AMRO,9.0,-79.5,HPS,15,4,11,0.2888,11,2,0
2013,USA,USA,AMRO,38.9,-77.0,HPS,35,12,23,0.3519,26,9,0
2013,CAN,Canada,AMRO,45.4,-75.7,HPS,6,2,4,0.3632,4,1,0
2013,CRI,Costa Rica,AMRO,9.9,-84.1,HPS,4,1,3,0.3158,2,0,0
2013,COL,Colombia,AMRO,4.7,-74.1,HPS,4,1,3,0.3864,3,0,0
2013,CHN,China,WPRO,39.9,116.4,HFRS,4842,175,4667,0.0363,4384,1074,0
2013,KOR,South Korea,WPRO,37.6,127.0,HFRS,603,17,586,0.0293,452,126,0
2013,JPN,Japan,WPRO,35.7,139.7,HFRS,8,0,8,0.0259,6,1,0
2013,TWN,Taiwan,WPRO,25.0,121.5,HFRS,12,0,12,0.0219,11,3,0
2013,RUS,Russia,EURO,55.8,37.6,HFRS,4288,132,4156,0.0309,3851,882,0
2013,FIN,Finland,EURO,60.2,24.9,HFRS,1840,8,1832,0.0046,1415,560,0
2013,DEU,Germany,EURO,52.5,13.4,HFRS,546,0,546,0.0016,407,152,0
2013,SWE,Sweden,EURO,59.3,18.1,HFRS,270,0,270,0.0015,218,66,0
2013,BEL,Belgium,EURO,50.8,4.4,HFRS,60,0,60,0.0028,54,14,0
2013,FRA,France,EURO,48.9,2.3,HFRS,140,0,140,0.0023,132,41,0
2013,HRV,Croatia,EURO,45.8,16.0,HFRS,79,2,77,0.0266,72,18,0
2013,SVN,Slovenia,EURO,46.1,14.5,HFRS,28,0,28,0.0104,23,6,0
2013,GRC,Greece,EURO,37.97,23.73,HFRS,21,1,20,0.0556,15,4,0
2013,GBR,United Kingdom,EURO,51.5,-0.1,HFRS,7,0,7,0.0272,6,1,0
2014,ARG,Argentina,AMRO,-34.6,-58.4,HPS,140,34,106,0.2472,114,40,3
2014,CHL,Chile,AMRO,-33.4,-70.6,HPS,47,15,32,0.3241,42,9,0
2014,BRA,Brazil,AMRO,-15.8,-47.9,HPS,94,39,55,0.4239,68,14,0
2014,BOL,Bolivia,AMRO,-16.5,-68.2,HPS,8,2,6,0.3022,6,2,0
2014,PRY,Paraguay,AMRO,-25.3,-57.6,HPS,22,7,15,0.3193,17,6,0
2014,URY,Uruguay,AMRO,-34.9,-56.2,HPS,7,2,5,0.3469,6,1,0
2014,PAN,Panama,AMRO,9.0,-79.5,HPS,28,8,20,0.2988,24,4,0
2014,USA,USA,AMRO,38.9,-77.0,HPS,18,6,12,0.3856,13,4,0
2014,CAN,Canada,AMRO,45.4,-75.7,HPS,3,1,2,0.3336,2,0,0
2014,CRI,Costa Rica,AMRO,9.9,-84.1,HPS,2,0,2,0.2319,1,0,0
2014,COL,Colombia,AMRO,4.7,-74.1,HPS,5,1,4,0.3907,4,1,0
2014,CHN,China,WPRO,39.9,116.4,HFRS,11406,417,10989,0.0366,8726,3287,0
2014,KOR,South Korea,WPRO,37.6,127.0,HFRS,548,11,537,0.0212,398,104,0
2014,JPN,Japan,WPRO,35.7,139.7,HFRS,10,0,10,0.0273,8,1,0
2014,TWN,Taiwan,WPRO,25.0,121.5,HFRS,14,0,14,0.0133,11,1,0
2014,RUS,Russia,EURO,55.8,37.6,HFRS,8747,328,8419,0.0375,6735,2455,0
2014,FIN,Finland,EURO,60.2,24.9,HFRS,987,4,983,0.0046,876,307,0
2014,DEU,Germany,EURO,52.5,13.4,HFRS,418,1,417,0.0039,368,83,0
2014,SWE,Sweden,EURO,59.3,18.1,HFRS,315,0,315,0.0018,289,51,0
2014,BEL,Belgium,EURO,50.8,4.4,HFRS,141,0,141,0.0021,102,21,0
2014,FRA,France,EURO,48.9,2.3,HFRS,41,0,41,0.0024,31,9,0
2014,HRV,Croatia,EURO,45.8,16.0,HFRS,53,1,52,0.032,46,7,0
2014,SVN,Slovenia,EURO,46.1,14.5,HFRS,66,2,64,0.0356,57,17,0
2014,GRC,Greece,EURO,37.97,23.73,HFRS,24,0,24,0.0274,17,3,0
2014,GBR,United Kingdom,EURO,51.5,-0.1,HFRS,15,0,15,0.0107,12,4,0
2015,ARG,Argentina,AMRO,-34.6,-58.4,HPS,164,45,119,0.2782,117,41,4
2015,CHL,Chile,AMRO,-33.4,-70.6,HPS,33,8,25,0.2641,30,9,1
2015,BRA,Brazil,AMRO,-15.8,-47.9,HPS,111,42,69,0.3858,92,23,0
2015,BOL,Bolivia,AMRO,-16.5,-68.2,HPS,11,3,8,0.3152,9,2,0
2015,PRY,Paraguay,AMRO,-25.3,-57.6,HPS,28,8,20,0.2909,23,7,0
2015,URY,Uruguay,AMRO,-34.9,-56.2,HPS,8,2,6,0.3054,6,1,0
2015,PAN,Panama,AMRO,9.0,-79.5,HPS,13,3,10,0.3077,10,3,0
2015,USA,USA,AMRO,38.9,-77.0,HPS,44,15,29,0.3601,38,10,0
2015,CAN,Canada,AMRO,45.4,-75.7,HPS,5,1,4,0.2592,3,0,0
2015,CRI,Costa Rica,AMRO,9.9,-84.1,HPS,2,0,2,0.2068,1,0,0
2015,COL,Colombia,AMRO,4.7,-74.1,HPS,7,2,5,0.2997,5,0,0
2015,CHN,China,WPRO,39.9,116.4,HFRS,9523,202,9321,0.0212,7158,1998,0
2015,KOR,South Korea,WPRO,37.6,127.0,HFRS,202,2,200,0.0102,152,24,0
2015,JPN,Japan,WPRO,35.7,139.7,HFRS,6,0,6,0.0168,5,1,0
2015,TWN,Taiwan,WPRO,25.0,121.5,HFRS,9,0,9,0.0188,8,1,0
2015,RUS,Russia,EURO,55.8,37.6,HFRS,3610,102,3508,0.0285,2629,621,0
2015,FIN,Finland,EURO,60.2,24.9,HFRS,1280,5,1275,0.0045,1053,342,0
2015,DEU,Germany,EURO,52.5,13.4,HFRS,1432,1,1431,0.0014,1100,273,0
2015,SWE,Sweden,EURO,59.3,18.1,HFRS,209,0,209,0.0022,193,63,0
2015,BEL,Belgium,EURO,50.8,4.4,HFRS,129,0,129,0.0016,116,45,0
2015,FRA,France,EURO,48.9,2.3,HFRS,125,0,125,0.001,107,17,0
2015,HRV,Croatia,EURO,45.8,16.0,HFRS,50,1,49,0.0224,42,13,0
2015,SVN,Slovenia,EURO,46.1,14.5,HFRS,25,0,25,0.0215,20,4,0
2015,GRC,Greece,EURO,37.97,23.73,HFRS,9,0,9,0.0368,7,1,0
2015,GBR,United Kingdom,EURO,51.5,-0.1,HFRS,6,0,6,0.0171,5,1,0
2016,ARG,Argentina,AMRO,-34.6,-58.4,HPS,145,36,109,0.2543,123,18,4
2016,CHL,Chile,AMRO,-33.4,-70.6,HPS,88,30,58,0.3419,80,26,0
2016,BRA,Brazil,AMRO,-15.8,-47.9,HPS,117,36,81,0.31,97,17,0
2016,BOL,Bolivia,AMRO,-16.5,-68.2,HPS,6,1,5,0.3133,4,1,0
2016,PRY,Paraguay,AMRO,-25.3,-57.6,HPS,21,4,17,0.227,15,4,0
2016,URY,Uruguay,AMRO,-34.9,-56.2,HPS,6,1,5,0.3094,5,1,0
2016,PAN,Panama,AMRO,9.0,-79.5,HPS,30,9,21,0.3145,26,5,0
2016,USA,USA,AMRO,38.9,-77.0,HPS,23,8,15,0.3789,18,6,0
2016,CAN,Canada,AMRO,45.4,-75.7,HPS,6,2,4,0.3615,5,1,0
2016,CRI,Costa Rica,AMRO,9.9,-84.1,HPS,2,0,2,0.2873,1,0,0
2016,COL,Colombia,AMRO,4.7,-74.1,HPS,6,2,4,0.3533,4,0,0
2016,CHN,China,WPRO,39.9,116.4,HFRS,7672,120,7552,0.0157,7077,1673,0
2016,KOR,South Korea,WPRO,37.6,127.0,HFRS,280,2,278,0.0105,241,74,0
2016,JPN,Japan,WPRO,35.7,139.7,HFRS,9,0,9,0.0114,7,1,0
2016,TWN,Taiwan,WPRO,25.0,121.5,HFRS,11,0,11,0.0282,8,1,0
2016,RUS,Russia,EURO,55.8,37.6,HFRS,10335,244,10091,0.0236,9012,1668,0
2016,FIN,Finland,EURO,60.2,24.9,HFRS,1228,1,1227,0.0011,1014,396,0
2016,DEU,Germany,EURO,52.5,13.4,HFRS,799,0,799,0.0011,565,139,0
2016,SWE,Sweden,EURO,59.3,18.1,HFRS,141,0,141,0.0011,125,33,0
2016,BEL,Belgium,EURO,50.8,4.4,HFRS,87,0,87,0.0028,63,24,0
2016,FRA,France,EURO,48.9,2.3,HFRS,72,0,72,0.0037,61,21,0
2016,HRV,Croatia,EURO,45.8,16.0,HFRS,106,3,103,0.0315,99,24,0
2016,SVN,Slovenia,EURO,46.1,14.5,HFRS,40,0,40,0.0202,33,6,0
2016,GRC,Greece,EURO,37.97,23.73,HFRS,18,0,18,0.0417,16,5,0
2016,GBR,United Kingdom,EURO,51.5,-0.1,HFRS,10,0,10,0.016,7,1,0
2017,ARG,Argentina,AMRO,-34.6,-58.4,HPS,62,15,47,0.2514,47,18,1
2017,CHL,Chile,AMRO,-33.4,-70.6,HPS,51,17,34,0.3371,37,9,1
2017,BRA,Brazil,AMRO,-15.8,-47.9,HPS,81,29,52,0.3603,76,28,0
2017,BOL,Bolivia,AMRO,-16.5,-68.2,HPS,17,5,12,0.3354,14,2,0
2017,PRY,Paraguay,AMRO,-25.3,-57.6,HPS,18,4,14,0.2263,14,4,0
2017,URY,Uruguay,AMRO,-34.9,-56.2,HPS,5,1,4,0.3446,4,1,0
2017,PAN,Panama,AMRO,9.0,-79.5,HPS,26,9,17,0.3805,19,6,0
2017,USA,USA,AMRO,38.9,-77.0,HPS,17,6,11,0.3794,13,4,0
2017,CAN,Canada,AMRO,45.4,-75.7,HPS,7,1,6,0.2693,5,1,0
2017,CRI,Costa Rica,AMRO,9.9,-84.1,HPS,3,0,3,0.3295,2,0,0
2017,COL,Colombia,AMRO,4.7,-74.1,HPS,3,0,3,0.2805,2,0,0
2017,CHN,China,WPRO,39.9,116.4,HFRS,8292,246,8046,0.0297,7001,2565,0
2017,KOR,South Korea,WPRO,37.6,127.0,HFRS,709,12,697,0.0182,642,219,0
2017,JPN,Japan,WPRO,35.7,139.7,HFRS,12,0,12,0.0291,9,1,0
2017,TWN,Taiwan,WPRO,25.0,121.5,HFRS,12,0,12,0.0232,10,3,0
2017,RUS,Russia,EURO,55.8,37.6,HFRS,3310,120,3190,0.0365,2687,745,0
2017,FIN,Finland,EURO,60.2,24.9,HFRS,1403,6,1397,0.0047,988,265,0
2017,DEU,Germany,EURO,52.5,13.4,HFRS,1115,3,1112,0.0032,973,178,0
2017,SWE,Sweden,EURO,59.3,18.1,HFRS,177,0,177,0.0021,159,34,0
2017,BEL,Belgium,EURO,50.8,4.4,HFRS,77,0,77,0.0029,54,21,0
2017,FRA,France,EURO,48.9,2.3,HFRS,110,0,110,0.0035,85,13,0
2017,HRV,Croatia,EURO,45.8,16.0,HFRS,87,4,83,0.0534,77,14,0
2017,SVN,Slovenia,EURO,46.1,14.5,HFRS,59,1,58,0.0331,51,17,0
2017,GRC,Greece,EURO,37.97,23.73,HFRS,23,1,22,0.0445,16,4,0
2017,GBR,United Kingdom,EURO,51.5,-0.1,HFRS,6,0,6,0.0182,4,0,0
2018,ARG,Argentina,AMRO,-34.6,-58.4,HPS,105,22,83,0.2166,94,36,0
2018,CHL,Chile,AMRO,-33.4,-70.6,HPS,96,31,65,0.3284,74,12,2
2018,BRA,Brazil,AMRO,-15.8,-47.9,HPS,113,45,68,0.4061,80,13,0
2018,BOL,Bolivia,AMRO,-16.5,-68.2,HPS,14,4,10,0.2943,10,2,0
2018,PRY,Paraguay,AMRO,-25.3,-57.6,HPS,28,10,18,0.3687,22,8,0
2018,URY,Uruguay,AMRO,-34.9,-56.2,HPS,6,1,5,0.2715,4,1,0
2018,PAN,Panama,AMRO,9.0,-79.5,HPS,40,13,27,0.3405,31,9,0
2018,USA,USA,AMRO,38.9,-77.0,HPS,18,6,12,0.3889,14,3,0
2018,CAN,Canada,AMRO,45.4,-75.7,HPS,5,1,4,0.3312,3,0,0
2018,CRI,Costa Rica,AMRO,9.9,-84.1,HPS,2,0,2,0.3071,1,0,0
2018,COL,Colombia,AMRO,4.7,-74.1,HPS,5,1,4,0.328,3,1,0
2018,CHN,China,WPRO,39.9,116.4,HFRS,5969,178,5791,0.0299,4602,844,0
2018,KOR,South Korea,WPRO,37.6,127.0,HFRS,527,5,522,0.0111,467,107,0
2018,JPN,Japan,WPRO,35.7,139.7,HFRS,5,0,5,0.0202,3,0,0
2018,TWN,Taiwan,WPRO,25.0,121.5,HFRS,11,0,11,0.0119,10,1,0
2018,RUS,Russia,EURO,55.8,37.6,HFRS,4596,148,4448,0.0322,3580,628,0
2018,FIN,Finland,EURO,60.2,24.9,HFRS,1016,2,1014,0.0021,925,211,0
2018,DEU,Germany,EURO,52.5,13.4,HFRS,1220,4,1216,0.0037,986,372,0
2018,SWE,Sweden,EURO,59.3,18.1,HFRS,198,0,198,0.0039,143,46,0
2018,BEL,Belgium,EURO,50.8,4.4,HFRS,114,0,114,0.0018,97,31,0
2018,FRA,France,EURO,48.9,2.3,HFRS,40,0,40,0.0015,35,11,0
2018,HRV,Croatia,EURO,45.8,16.0,HFRS,105,5,100,0.0504,98,31,0
2018,SVN,Slovenia,EURO,46.1,14.5,HFRS,35,0,35,0.0132,31,9,0
2018,GRC,Greece,EURO,37.97,23.73,HFRS,8,0,8,0.0344,7,1,0
2018,GBR,United Kingdom,EURO,51.5,-0.1,HFRS,10,0,10,0.0192,7,1,0
2019,ARG,Argentina,AMRO,-34.6,-58.4,HPS,111,23,88,0.2079,99,25,4
2019,CHL,Chile,AMRO,-33.4,-70.6,HPS,91,25,66,0.2818,78,20,4
2019,BRA,Brazil,AMRO,-15.8,-47.9,HPS,59,23,36,0.4017,50,11,0
2019,BOL,Bolivia,AMRO,-16.5,-68.2,HPS,9,3,6,0.3477,7,1,0
2019,PRY,Paraguay,AMRO,-25.3,-57.6,HPS,25,7,18,0.2832,21,4,0
2019,URY,Uruguay,AMRO,-34.9,-56.2,HPS,12,2,10,0.2431,9,1,0
2019,PAN,Panama,AMRO,9.0,-79.5,HPS,15,4,11,0.3274,11,3,0
2019,USA,USA,AMRO,38.9,-77.0,HPS,14,4,10,0.3379,10,1,0
2019,CAN,Canada,AMRO,45.4,-75.7,HPS,3,0,3,0.3038,2,0,0
2019,CRI,Costa Rica,AMRO,9.9,-84.1,HPS,3,0,3,0.2893,2,0,0
2019,COL,Colombia,AMRO,4.7,-74.1,HPS,8,2,6,0.3279,6,1,0
2019,CHN,China,WPRO,39.9,116.4,HFRS,10362,423,9939,0.0409,8603,3389,0
2019,KOR,South Korea,WPRO,37.6,127.0,HFRS,265,2,263,0.0103,236,83,0
2019,JPN,Japan,WPRO,35.7,139.7,HFRS,6,0,6,0.0153,4,0,0
2019,TWN,Taiwan,WPRO,25.0,121.5,HFRS,12,0,12,0.0255,9,2,0
2019,RUS,Russia,EURO,55.8,37.6,HFRS,2761,52,2709,0.019,2378,935,0
2019,FIN,Finland,EURO,60.2,24.9,HFRS,1652,1,1651,0.0011,1527,528,0
2019,DEU,Germany,EURO,52.5,13.4,HFRS,1211,2,1209,0.0024,968,218,0
2019,SWE,Sweden,EURO,59.3,18.1,HFRS,117,0,117,0.0017,89,24,0
2019,BEL,Belgium,EURO,50.8,4.4,HFRS,147,0,147,0.0019,105,40,0
2019,FRA,France,EURO,48.9,2.3,HFRS,138,0,138,0.0034,130,37,0
2019,HRV,Croatia,EURO,45.8,16.0,HFRS,105,2,103,0.023,83,17,0
2019,SVN,Slovenia,EURO,46.1,14.5,HFRS,30,0,30,0.0142,25,8,0
2019,GRC,Greece,EURO,37.97,23.73,HFRS,18,0,18,0.0259,16,4,0
2019,GBR,United Kingdom,EURO,51.5,-0.1,HFRS,10,0,10,0.0235,7,1,0
2020,ARG,Argentina,AMRO,-34.6,-58.4,HPS,198,48,150,0.2436,161,59,7
2020,CHL,Chile,AMRO,-33.4,-70.6,HPS,33,8,25,0.2721,23,7,0
2020,BRA,Brazil,AMRO,-15.8,-47.9,HPS,52,23,29,0.4437,43,9,0
2020,BOL,Bolivia,AMRO,-16.5,-68.2,HPS,16,5,11,0.3519,11,2,0
2020,PRY,Paraguay,AMRO,-25.3,-57.6,HPS,30,8,22,0.2935,25,6,0
2020,URY,Uruguay,AMRO,-34.9,-56.2,HPS,4,0,4,0.2249,3,0,0
2020,PAN,Panama,AMRO,9.0,-79.5,HPS,13,4,9,0.3765,12,4,0
2020,USA,USA,AMRO,38.9,-77.0,HPS,47,15,32,0.3242,44,8,0
2020,CAN,Canada,AMRO,45.4,-75.7,HPS,8,3,5,0.3793,7,2,0
2020,CRI,Costa Rica,AMRO,9.9,-84.1,HPS,3,0,3,0.2389,2,0,0
2020,COL,Colombia,AMRO,4.7,-74.1,HPS,2,0,2,0.3434,1,0,0
2020,CHN,China,WPRO,39.9,116.4,HFRS,10345,479,9866,0.0463,9682,3776,0
2020,KOR,South Korea,WPRO,37.6,127.0,HFRS,471,13,458,0.0295,418,79,0
2020,JPN,Japan,WPRO,35.7,139.7,HFRS,11,0,11,0.0244,8,2,0
2020,TWN,Taiwan,WPRO,25.0,121.5,HFRS,10,0,10,0.0149,8,2,0
2020,RUS,Russia,EURO,55.8,37.6,HFRS,6211,64,6147,0.0104,4361,1043,0
2020,FIN,Finland,EURO,60.2,24.9,HFRS,1727,3,1724,0.0019,1482,304,0
2020,DEU,Germany,EURO,52.5,13.4,HFRS,734,2,732,0.0035,647,112,0
2020,SWE,Sweden,EURO,59.3,18.1,HFRS,211,0,211,0.0011,173,54,0
2020,BEL,Belgium,EURO,50.8,4.4,HFRS,65,0,65,0.0016,51,19,0
2020,FRA,France,EURO,48.9,2.3,HFRS,143,0,143,0.0011,127,30,0
2020,HRV,Croatia,EURO,45.8,16.0,HFRS,60,3,57,0.0502,55,21,0
2020,SVN,Slovenia,EURO,46.1,14.5,HFRS,50,1,49,0.0207,44,9,0
2020,GRC,Greece,EURO,37.97,23.73,HFRS,18,0,18,0.0343,15,3,0
2020,GBR,United Kingdom,EURO,51.5,-0.1,HFRS,7,0,7,0.0284,5,1,0
2021,ARG,Argentina,AMRO,-34.6,-58.4,HPS,94,19,75,0.2058,66,12,4
2021,CHL,Chile,AMRO,-33.4,-70.6,HPS,52,20,32,0.3926,43,11,1
2021,BRA,Brazil,AMRO,-15.8,-47.9,HPS,93,38,55,0.4138,71,16,0
2021,BOL,Bolivia,AMRO,-16.5,-68.2,HPS,24,9,15,0.392,22,5,0
2021,PRY,Paraguay,AMRO,-25.3,-57.6,HPS,30,8,22,0.2962,24,4,0
2021,URY,Uruguay,AMRO,-34.9,-56.2,HPS,10,2,8,0.2279,7,2,0
2021,PAN,Panama,AMRO,9.0,-79.5,HPS,19,4,15,0.2607,13,5,0
2021,USA,USA,AMRO,38.9,-77.0,HPS,34,11,23,0.3409,30,10,0
2021,CAN,Canada,AMRO,45.4,-75.7,HPS,4,1,3,0.3402,3,0,0
2021,CRI,Costa Rica,AMRO,9.9,-84.1,HPS,2,0,2,0.3314,1,0,0
2021,COL,Colombia,AMRO,4.7,-74.1,HPS,5,1,4,0.2556,3,1,0
2021,CHN,China,WPRO,39.9,116.4,HFRS,3320,88,3232,0.0267,2757,451,0
2021,KOR,South Korea,WPRO,37.6,127.0,HFRS,706,10,696,0.0145,547,123,0
2021,JPN,Japan,WPRO,35.7,139.7,HFRS,7,0,7,0.01,6,2,0
2021,TWN,Taiwan,WPRO,25.0,121.5,HFRS,6,0,6,0.0299,5,1,0
2021,RUS,Russia,EURO,55.8,37.6,HFRS,5574,106,5468,0.0191,4355,1429,0
2021,FIN,Finland,EURO,60.2,24.9,HFRS,1555,2,1553,0.0017,1232,462,0
2021,DEU,Germany,EURO,52.5,13.4,HFRS,1238,4,1234,0.004,1100,273,0
2021,SWE,Sweden,EURO,59.3,18.1,HFRS,253,0,253,0.003,182,52,0
2021,BEL,Belgium,EURO,50.8,4.4,HFRS,142,0,142,0.0013,127,37,0
2021,FRA,France,EURO,48.9,2.3,HFRS,139,0,139,0.0011,106,31,0
2021,HRV,Croatia,EURO,45.8,16.0,HFRS,53,2,51,0.0486,47,8,0
2021,SVN,Slovenia,EURO,46.1,14.5,HFRS,46,1,45,0.0253,36,13,0
2021,GRC,Greece,EURO,37.97,23.73,HFRS,23,1,22,0.0479,20,5,0
2021,GBR,United Kingdom,EURO,51.5,-0.1,HFRS,16,0,16,0.0239,14,5,0
2022,ARG,Argentina,AMRO,-34.6,-58.4,HPS,105,33,72,0.3211,78,18,1
2022,CHL,Chile,AMRO,-33.4,-70.6,HPS,108,40,68,0.3785,94,31,3
2022,BRA,Brazil,AMRO,-15.8,-47.9,HPS,141,52,89,0.3744,112,21,0
2022,BOL,Bolivia,AMRO,-16.5,-68.2,HPS,23,8,15,0.3602,18,2,0
2022,PRY,Paraguay,AMRO,-25.3,-57.6,HPS,32,7,25,0.2218,28,10,0
2022,URY,Uruguay,AMRO,-34.9,-56.2,HPS,8,1,7,0.2352,7,2,0
2022,PAN,Panama,AMRO,9.0,-79.5,HPS,31,12,19,0.3951,22,6,0
2022,USA,USA,AMRO,38.9,-77.0,HPS,44,16,28,0.3863,32,11,0
2022,CAN,Canada,AMRO,45.4,-75.7,HPS,6,1,5,0.3016,4,1,0
2022,CRI,Costa Rica,AMRO,9.9,-84.1,HPS,2,0,2,0.2465,1,0,0
2022,COL,Colombia,AMRO,4.7,-74.1,HPS,7,2,5,0.3695,5,1,0
2022,CHN,China,WPRO,39.9,116.4,HFRS,8106,351,7755,0.0433,7510,1149,0
2022,KOR,South Korea,WPRO,37.6,127.0,HFRS,550,6,544,0.011,460,102,0
2022,JPN,Japan,WPRO,35.7,139.7,HFRS,8,0,8,0.0171,6,1,0
2022,TWN,Taiwan,WPRO,25.0,121.5,HFRS,11,0,11,0.0221,7,2,0
2022,RUS,Russia,EURO,55.8,37.6,HFRS,4545,104,4441,0.023,3960,923,0
2022,FIN,Finland,EURO,60.2,24.9,HFRS,560,1,559,0.0025,524,162,0
2022,DEU,Germany,EURO,52.5,13.4,HFRS,1098,3,1095,0.0029,823,209,0
2022,SWE,Sweden,EURO,59.3,18.1,HFRS,295,0,295,0.0013,226,49,0
2022,BEL,Belgium,EURO,50.8,4.4,HFRS,106,0,106,0.003,75,20,0
2022,FRA,France,EURO,48.9,2.3,HFRS,58,0,58,0.0039,42,10,0
2022,HRV,Croatia,EURO,45.8,16.0,HFRS,87,4,83,0.0482,70,16,0
2022,SVN,Slovenia,EURO,46.1,14.5,HFRS,40,0,40,0.0179,30,8,0
2022,GRC,Greece,EURO,37.97,23.73,HFRS,12,0,12,0.0315,10,3,0
2022,GBR,United Kingdom,EURO,51.5,-0.1,HFRS,12,0,12,0.0115,8,3,0
2023,ARG,Argentina,AMRO,-34.6,-58.4,HPS,111,23,88,0.2138,94,28,3
2023,CHL,Chile,AMRO,-33.4,-70.6,HPS,53,13,40,0.2523,49,10,1
2023,BRA,Brazil,AMRO,-15.8,-47.9,HPS,119,46,73,0.3915,92,20,0
2023,BOL,Bolivia,AMRO,-16.5,-68.2,HPS,20,7,13,0.3799,18,3,0
2023,PRY,Paraguay,AMRO,-25.3,-57.6,HPS,14,5,9,0.3712,12,4,0
2023,URY,Uruguay,AMRO,-34.9,-56.2,HPS,6,1,5,0.2881,5,1,0
2023,PAN,Panama,AMRO,9.0,-79.5,HPS,27,6,21,0.2523,22,4,0
2023,USA,USA,AMRO,38.9,-77.0,HPS,34,13,21,0.3958,27,9,0
2023,CAN,Canada,AMRO,45.4,-75.7,HPS,3,1,2,0.3374,2,0,0
2023,CRI,Costa Rica,AMRO,9.9,-84.1,HPS,1,0,1,0.265,0,0,0
2023,COL,Colombia,AMRO,4.7,-74.1,HPS,8,2,6,0.3151,6,1,0
2023,CHN,China,WPRO,39.9,116.4,HFRS,9219,95,9124,0.0104,7811,2369,0
2023,KOR,South Korea,WPRO,37.6,127.0,HFRS,531,7,524,0.0148,466,80,0
2023,JPN,Japan,WPRO,35.7,139.7,HFRS,7,0,7,0.0275,6,0,0
2023,TWN,Taiwan,WPRO,25.0,121.5,HFRS,6,0,6,0.0164,4,0,0
2023,RUS,Russia,EURO,55.8,37.6,HFRS,2976,70,2906,0.0238,2628,792,0
2023,FIN,Finland,EURO,60.2,24.9,HFRS,1319,1,1318,0.0013,1237,444,0
2023,DEU,Germany,EURO,52.5,13.4,HFRS,1237,4,1233,0.0035,1154,330,0
2023,SWE,Sweden,EURO,59.3,18.1,HFRS,152,0,152,0.0029,134,44,0
2023,BEL,Belgium,EURO,50.8,4.4,HFRS,117,0,117,0.0011,92,34,0
2023,FRA,France,EURO,48.9,2.3,HFRS,100,0,100,0.0026,76,18,0
2023,HRV,Croatia,EURO,45.8,16.0,HFRS,99,4,95,0.0467,88,23,0
2023,SVN,Slovenia,EURO,46.1,14.5,HFRS,52,0,52,0.0175,45,11,0
2023,GRC,Greece,EURO,37.97,23.73,HFRS,16,0,16,0.046,14,2,0
2023,GBR,United Kingdom,EURO,51.5,-0.1,HFRS,15,0,15,0.0158,12,1,0
2024,ARG,Argentina,AMRO,-34.6,-58.4,HPS,114,31,83,0.2754,81,22,5
2024,CHL,Chile,AMRO,-33.4,-70.6,HPS,41,14,27,0.3647,32,10,0
2024,BRA,Brazil,AMRO,-15.8,-47.9,HPS,60,19,41,0.3241,43,8,0
2024,BOL,Bolivia,AMRO,-16.5,-68.2,HPS,21,8,13,0.3823,18,5,0
2024,PRY,Paraguay,AMRO,-25.3,-57.6,HPS,13,3,10,0.2663,10,2,0
2024,URY,Uruguay,AMRO,-34.9,-56.2,HPS,10,2,8,0.2803,7,1,0
2024,PAN,Panama,AMRO,9.0,-79.5,HPS,42,15,27,0.3684,32,12,0
2024,USA,USA,AMRO,38.9,-77.0,HPS,56,18,38,0.3327,44,12,0
2024,CAN,Canada,AMRO,45.4,-75.7,HPS,9,3,6,0.3639,6,1,0
2024,CRI,Costa Rica,AMRO,9.9,-84.1,HPS,3,0,3,0.2755,2,0,0
2024,COL,Colombia,AMRO,4.7,-74.1,HPS,7,2,5,0.3757,6,2,0
2024,CHN,China,WPRO,39.9,116.4,HFRS,6725,231,6494,0.0344,4977,1584,0
2024,KOR,South Korea,WPRO,37.6,127.0,HFRS,293,6,287,0.0239,221,39,0
2024,JPN,Japan,WPRO,35.7,139.7,HFRS,7,0,7,0.01,6,1,0
2024,TWN,Taiwan,WPRO,25.0,121.5,HFRS,9,0,9,0.0148,6,0,0
2024,RUS,Russia,EURO,55.8,37.6,HFRS,3594,131,3463,0.0367,2732,651,0
2024,FIN,Finland,EURO,60.2,24.9,HFRS,600,1,599,0.0019,497,150,0
2024,DEU,Germany,EURO,52.5,13.4,HFRS,655,0,655,0.0012,522,108,0
2024,SWE,Sweden,EURO,59.3,18.1,HFRS,157,0,157,0.0039,134,38,0
2024,BEL,Belgium,EURO,50.8,4.4,HFRS,104,0,104,0.0019,86,27,0
2024,FRA,France,EURO,48.9,2.3,HFRS,113,0,113,0.0015,93,23,0
2024,HRV,Croatia,EURO,45.8,16.0,HFRS,97,4,93,0.0453,80,14,0
2024,SVN,Slovenia,EURO,46.1,14.5,HFRS,51,0,51,0.0135,39,7,0
2024,GRC,Greece,EURO,37.97,23.73,HFRS,20,0,20,0.0283,15,5,0
2024,GBR,United Kingdom,EURO,51.5,-0.1,HFRS,7,0,7,0.0202,5,0,0
2025,ARG,Argentina,AMRO,-34.6,-58.4,HPS,252,53,199,0.2104,206,59,7
2025,CHL,Chile,AMRO,-33.4,-70.6,HPS,115,33,82,0.288,80,26,3
2025,BRA,Brazil,AMRO,-15.8,-47.9,HPS,174,73,101,0.4232,158,42,0
2025,BOL,Bolivia,AMRO,-16.5,-68.2,HPS,15,5,10,0.3687,12,2,0
2025,PRY,Paraguay,AMRO,-25.3,-57.6,HPS,35,12,23,0.3612,28,4,0
2025,URY,Uruguay,AMRO,-34.9,-56.2,HPS,8,2,6,0.3205,7,1,0
2025,PAN,Panama,AMRO,9.0,-79.5,HPS,16,6,10,0.3816,12,3,0
2025,USA,USA,AMRO,38.9,-77.0,HPS,58,17,41,0.3067,50,8,0
2025,CAN,Canada,AMRO,45.4,-75.7,HPS,5,1,4,0.3545,4,1,0
2025,CRI,Costa Rica,AMRO,9.9,-84.1,HPS,4,0,4,0.2482,3,0,0
2025,COL,Colombia,AMRO,4.7,-74.1,HPS,5,1,4,0.2603,3,0,0
2025,CHN,China,WPRO,39.9,116.4,HFRS,8867,321,8546,0.0363,7778,1182,0
2025,KOR,South Korea,WPRO,37.6,127.0,HFRS,313,7,306,0.0232,256,38,0
2025,JPN,Japan,WPRO,35.7,139.7,HFRS,15,0,15,0.0255,12,1,0
2025,TWN,Taiwan,WPRO,25.0,121.5,HFRS,11,0,11,0.0275,9,3,0
2025,RUS,Russia,EURO,55.8,37.6,HFRS,7608,194,7414,0.0255,5592,1777,0
2025,FIN,Finland,EURO,60.2,24.9,HFRS,1207,4,1203,0.004,896,178,0
2025,DEU,Germany,EURO,52.5,13.4,HFRS,1326,4,1322,0.0032,1229,417,0
2025,SWE,Sweden,EURO,59.3,18.1,HFRS,255,0,255,0.003,235,69,0
2025,BEL,Belgium,EURO,50.8,4.4,HFRS,132,0,132,0.0013,108,35,0
2025,FRA,France,EURO,48.9,2.3,HFRS,68,0,68,0.0016,52,10,0
2025,HRV,Croatia,EURO,45.8,16.0,HFRS,46,1,45,0.037,42,11,0
2025,SVN,Slovenia,EURO,46.1,14.5,HFRS,29,0,29,0.0123,25,6,0
2025,GRC,Greece,EURO,37.97,23.73,HFRS,23,1,22,0.0464,20,4,0
2025,GBR,United Kingdom,EURO,51.5,-0.1,HFRS,14,0,14,0.0153,13,4,0
2026,ARG,Argentina,AMRO,-34.6,-58.4,HPS,155,37,118,0.2404,115,37,1
2026,CHL,Chile,AMRO,-33.4,-70.6,HPS,107,30,77,0.2897,92,32,4
2026,BRA,Brazil,AMRO,-15.8,-47.9,HPS,167,54,113,0.3282,120,38,0
2026,BOL,Bolivia,AMRO,-16.5,-68.2,HPS,16,5,11,0.3149,11,2,0
2026,PRY,Paraguay,AMRO,-25.3,-57.6,HPS,12,4,8,0.3607,9,2,0
2026,URY,Uruguay,AMRO,-34.9,-56.2,HPS,4,1,3,0.3,3,1,0
2026,PAN,Panama,AMRO,9.0,-79.5,HPS,46,13,33,0.2988,42,16,0
2026,USA,USA,AMRO,38.9,-77.0,HPS,53,20,33,0.3845,40,11,0
2026,CAN,Canada,AMRO,45.4,-75.7,HPS,3,0,3,0.2623,2,0,0
2026,CRI,Costa Rica,AMRO,9.9,-84.1,HPS,4,1,3,0.321,3,1,0
2026,COL,Colombia,AMRO,4.7,-74.1,HPS,4,1,3,0.2561,3,0,0
2026,CHN,China,WPRO,39.9,116.4,HFRS,3196,78,3118,0.0244,2863,834,0
2026,KOR,South Korea,WPRO,37.6,127.0,HFRS,362,8,354,0.0231,274,42,0
2026,JPN,Japan,WPRO,35.7,139.7,HFRS,14,0,14,0.0225,12,1,0
2026,TWN,Taiwan,WPRO,25.0,121.5,HFRS,12,0,12,0.0286,10,3,0
2026,RUS,Russia,EURO,55.8,37.6,HFRS,7846,216,7630,0.0276,6631,2636,0
2026,FIN,Finland,EURO,60.2,24.9,HFRS,1344,3,1341,0.0028,1178,291,0
2026,DEU,Germany,EURO,52.5,13.4,HFRS,638,1,637,0.0028,594,227,0
2026,SWE,Sweden,EURO,59.3,18.1,HFRS,188,0,188,0.0026,141,56,0
2026,BEL,Belgium,EURO,50.8,4.4,HFRS,177,0,177,0.0023,159,52,0
2026,FRA,France,EURO,48.9,2.3,HFRS,101,0,101,0.0012,82,26,0
2026,HRV,Croatia,EURO,45.8,16.0,HFRS,82,2,80,0.0349,76,14,0
2026,SVN,Slovenia,EURO,46.1,14.5,HFRS,46,1,45,0.0307,40,12,0
2026,GRC,Greece,EURO,37.97,23.73,HFRS,12,0,12,0.0262,10,2,0
2026,GBR,United Kingdom,EURO,51.5,-0.1,HFRS,7,0,7,0.0241,5,1,0
