year,quarter,region,latitude,longitude,mean_temperature_c,quarterly_rainfall_mm,relative_humidity_pct,ndvi,rodent_abundance_index,deforestation_rate_pct,elevation_m,urbanization_pct,el_nino_oni_index,mast_year_indicator,land_use_change_pct
2010,Q1,"Patagonia, Argentina",-42,-71,8.6,108.9,69.3,0.511,0.372,1.59,1019,75.6,-1.57,0,1.52
2010,Q1,Central Chile,-35,-71,13.1,123.3,72.5,0.778,0.805,3.66,1352,66.3,-1.26,0,-2.0
2010,Q1,Southern Brazil,-27,-49,15.4,230.0,53.9,0.248,0.222,3.89,1145,50.4,-1.34,0,1.94
2010,Q1,"Gran Chaco, Paraguay",-22,-60,21.7,125.8,55.7,0.754,0.116,3.72,1739,69.7,-1.31,0,3.11
2010,Q1,"Four Corners, USA",36,-109,4.0,53.9,59.8,0.722,0.303,2.67,350,55.4,-1.34,0,1.55
2010,Q1,"Bashkortostan, Russia",54,56,6.7,72.3,71.2,0.208,0.418,4.78,1821,33.0,-1.43,0,2.44
2010,Q1,"Ostrobothnia, Finland",63,22,9.8,60.3,79.2,0.61,0.223,3.65,1562,54.2,-1.3,0,-0.43
2010,Q1,"Baden-Württemberg, Germany",48,9,14.0,95.7,75.2,0.674,0.461,2.52,262,21.7,-1.51,0,2.72
2010,Q1,"Hubei Province, China",31,112,24.0,195.3,73.6,0.292,0.712,1.76,614,32.4,-1.46,0,-0.45
2010,Q1,"Gyeonggi-do, South Korea",37,127,1.8,213.3,75.7,0.223,0.851,1.12,739,59.4,-1.39,0,2.84
2010,Q2,"Patagonia, Argentina",-42,-71,11.8,222.5,83.1,0.398,0.658,4.27,370,13.9,-1.36,0,1.99
2010,Q2,Central Chile,-35,-71,15.5,135.1,58.2,0.727,0.843,3.42,1016,14.1,-1.51,0,0.47
2010,Q2,Southern Brazil,-27,-49,16.4,327.8,49.8,0.779,0.283,0.09,524,28.3,-1.45,0,1.83
2010,Q2,"Gran Chaco, Paraguay",-22,-60,26.8,191.3,68.0,0.629,0.155,3.74,2204,46.6,-1.35,0,-0.31
2010,Q2,"Four Corners, USA",36,-109,7.0,69.3,59.7,0.617,0.824,3.82,2073,76.4,-1.32,0,-1.9
2010,Q2,"Bashkortostan, Russia",54,56,-3.9,120.0,67.7,0.736,0.289,3.72,1903,44.7,-1.31,0,0.87
2010,Q2,"Ostrobothnia, Finland",63,22,12.0,103.9,59.4,0.65,0.579,2.48,428,35.0,-1.39,0,0.57
2010,Q2,"Baden-Württemberg, Germany",48,9,15.4,178.0,74.7,0.288,0.352,3.3,2333,22.4,-1.28,0,0.63
2010,Q2,"Hubei Province, China",31,112,20.5,197.9,72.7,0.791,0.583,4.83,2224,64.5,-1.6,0,0.87
2010,Q2,"Gyeonggi-do, South Korea",37,127,25.3,294.9,40.3,0.798,0.544,3.42,1760,30.8,-1.3,0,1.98
2010,Q3,"Patagonia, Argentina",-42,-71,12.6,255.4,55.0,0.745,0.914,0.91,1034,50.3,-1.52,0,-1.29
2010,Q3,Central Chile,-35,-71,17.4,166.1,71.1,0.575,0.188,0.77,2404,31.1,-1.34,0,0.77
2010,Q3,Southern Brazil,-27,-49,17.2,449.6,57.6,0.309,0.168,3.09,572,27.2,-1.43,0,-1.63
2010,Q3,"Gran Chaco, Paraguay",-22,-60,26.7,272.8,41.9,0.715,0.869,4.74,877,28.7,-1.33,0,1.03
2010,Q3,"Four Corners, USA",36,-109,11.6,91.4,70.4,0.727,0.818,3.06,1466,49.7,-1.54,0,1.96
2010,Q3,"Bashkortostan, Russia",54,56,-8.8,162.1,69.2,0.624,0.498,4.06,2274,53.2,-1.36,0,3.6
2010,Q3,"Ostrobothnia, Finland",63,22,9.2,124.8,72.0,0.666,0.853,2.36,1437,61.6,-1.56,0,0.0
2010,Q3,"Baden-Württemberg, Germany",48,9,15.1,198.7,78.9,0.779,0.493,2.51,1248,14.8,-1.33,0,1.52
2010,Q3,"Hubei Province, China",31,112,18.2,289.7,82.4,0.484,0.146,3.4,713,26.7,-1.27,0,3.41
2010,Q3,"Gyeonggi-do, South Korea",37,127,15.3,292.8,45.0,0.691,0.538,3.11,696,51.6,-1.26,0,0.42
2010,Q4,"Patagonia, Argentina",-42,-71,8.7,187.7,53.6,0.642,0.888,0.92,435,25.9,-1.28,0,-0.76
2010,Q4,Central Chile,-35,-71,12.8,100.6,65.2,0.499,0.883,2.24,285,13.2,-1.36,0,-0.86
2010,Q4,Southern Brazil,-27,-49,14.0,311.5,72.9,0.659,0.225,3.19,1352,50.1,-1.48,0,3.51
2010,Q4,"Gran Chaco, Paraguay",-22,-60,23.9,223.2,48.8,0.585,0.201,2.87,2190,58.7,-1.21,0,3.19
2010,Q4,"Four Corners, USA",36,-109,11.5,82.2,57.5,0.27,0.91,1.23,2141,10.6,-1.54,0,1.73
2010,Q4,"Bashkortostan, Russia",54,56,14.9,149.0,66.2,0.662,0.981,0.34,2239,75.4,-1.25,0,2.63
2010,Q4,"Ostrobothnia, Finland",63,22,4.4,128.2,56.7,0.455,0.673,4.6,73,54.3,-1.21,0,1.14
2010,Q4,"Baden-Württemberg, Germany",48,9,11.7,181.8,75.6,0.572,0.866,4.57,2005,41.2,-1.55,0,2.82
2010,Q4,"Hubei Province, China",31,112,27.7,315.4,45.6,0.457,0.889,0.77,2016,15.8,-1.33,0,2.85
2010,Q4,"Gyeonggi-do, South Korea",37,127,10.2,303.3,50.5,0.626,0.901,4.29,87,60.6,-1.27,0,0.21
2011,Q1,"Patagonia, Argentina",-42,-71,2.4,91.9,84.5,0.662,0.989,1.31,157,41.2,-0.84,0,-0.93
2011,Q1,Central Chile,-35,-71,10.9,119.5,79.7,0.786,0.216,2.38,1172,48.4,-0.75,0,-1.77
2011,Q1,Southern Brazil,-27,-49,12.9,218.7,63.5,0.724,0.915,2.69,2025,37.3,-0.91,0,-0.5
2011,Q1,"Gran Chaco, Paraguay",-22,-60,27.4,144.3,46.1,0.679,0.617,2.42,1138,44.5,-0.77,0,1.85
2011,Q1,"Four Corners, USA",36,-109,15.6,37.9,44.7,0.574,0.792,4.47,478,68.3,-1.09,0,1.72
2011,Q1,"Bashkortostan, Russia",54,56,6.8,80.5,46.5,0.277,0.665,0.33,615,50.2,-1.05,0,1.92
2011,Q1,"Ostrobothnia, Finland",63,22,-10.7,60.2,78.8,0.674,0.34,1.55,1206,20.9,-0.91,0,2.97
2011,Q1,"Baden-Württemberg, Germany",48,9,7.3,114.2,69.7,0.567,0.625,0.62,2339,62.0,-0.85,0,1.33
2011,Q1,"Hubei Province, China",31,112,4.2,142.5,77.1,0.742,0.583,2.92,617,41.8,-0.89,0,-0.39
2011,Q1,"Gyeonggi-do, South Korea",37,127,6.0,184.7,47.5,0.324,0.863,2.16,252,66.7,-0.85,0,2.69
2011,Q2,"Patagonia, Argentina",-42,-71,10.8,168.4,67.0,0.572,0.158,3.2,873,73.2,-0.71,0,1.88
2011,Q2,Central Chile,-35,-71,10.6,115.3,58.0,0.328,0.177,3.86,637,10.5,-0.73,0,3.6
2011,Q2,Southern Brazil,-27,-49,21.7,318.0,49.0,0.285,0.117,0.73,1671,54.6,-0.88,0,0.94
2011,Q2,"Gran Chaco, Paraguay",-22,-60,23.3,154.1,70.6,0.22,0.686,3.31,1606,28.1,-0.83,0,-0.88
2011,Q2,"Four Corners, USA",36,-109,21.9,71.3,83.5,0.794,0.51,3.73,2134,33.5,-0.7,0,2.86
2011,Q2,"Bashkortostan, Russia",54,56,18.8,110.6,77.8,0.416,0.765,0.91,786,47.8,-0.97,0,-1.62
2011,Q2,"Ostrobothnia, Finland",63,22,6.1,113.3,48.5,0.507,0.771,1.92,1580,14.3,-0.72,0,2.06
2011,Q2,"Baden-Württemberg, Germany",48,9,19.0,139.7,49.8,0.545,0.846,3.44,1223,27.2,-1.05,0,2.39
2011,Q2,"Hubei Province, China",31,112,28.1,189.0,47.8,0.384,0.455,2.37,1309,10.6,-0.72,0,-1.61
2011,Q2,"Gyeonggi-do, South Korea",37,127,22.2,246.6,69.5,0.479,0.764,3.42,1203,16.6,-0.79,0,0.13
2011,Q3,"Patagonia, Argentina",-42,-71,12.4,205.3,46.1,0.203,0.456,3.52,269,30.8,-0.98,0,-1.03
2011,Q3,Central Chile,-35,-71,18.9,219.4,41.5,0.629,0.999,1.11,1781,24.0,-0.99,0,1.95
2011,Q3,Southern Brazil,-27,-49,24.5,489.5,53.3,0.569,0.998,3.75,455,76.1,-1.06,0,3.51
2011,Q3,"Gran Chaco, Paraguay",-22,-60,30.8,189.7,55.1,0.745,0.736,4.92,1014,46.4,-0.81,0,3.03
2011,Q3,"Four Corners, USA",36,-109,10.4,74.8,66.1,0.785,0.462,2.16,1282,14.3,-0.92,0,2.99
2011,Q3,"Bashkortostan, Russia",54,56,-5.6,151.1,61.9,0.541,0.411,1.96,1106,71.2,-1.09,0,1.27
2011,Q3,"Ostrobothnia, Finland",63,22,-6.6,173.3,67.4,0.294,0.785,0.4,2069,55.3,-0.77,0,-1.22
2011,Q3,"Baden-Württemberg, Germany",48,9,10.2,208.5,77.4,0.413,0.66,4.35,83,55.7,-0.79,0,-0.73
2011,Q3,"Hubei Province, China",31,112,27.1,369.4,53.3,0.599,0.841,0.14,1414,45.8,-0.93,0,0.36
2011,Q3,"Gyeonggi-do, South Korea",37,127,14.9,421.2,80.9,0.44,0.825,4.06,1435,69.5,-1.07,0,2.02
2011,Q4,"Patagonia, Argentina",-42,-71,2.8,152.8,73.5,0.413,0.543,3.25,783,69.5,-0.86,0,0.15
2011,Q4,Central Chile,-35,-71,9.8,188.5,55.3,0.281,0.621,3.68,415,43.5,-1.07,0,-1.44
2011,Q4,Southern Brazil,-27,-49,22.6,419.8,67.9,0.523,0.239,0.05,341,53.4,-0.89,0,2.35
2011,Q4,"Gran Chaco, Paraguay",-22,-60,26.3,234.3,62.9,0.246,0.816,4.77,2427,61.9,-1.07,0,-0.71
2011,Q4,"Four Corners, USA",36,-109,19.3,61.6,73.6,0.484,0.23,4.83,1083,33.0,-1.04,0,0.76
2011,Q4,"Bashkortostan, Russia",54,56,6.2,146.0,51.9,0.317,0.123,0.31,2273,54.0,-1.0,0,2.28
2011,Q4,"Ostrobothnia, Finland",63,22,13.3,123.3,47.1,0.712,0.82,4.03,528,35.2,-0.76,0,1.13
2011,Q4,"Baden-Württemberg, Germany",48,9,6.0,195.2,66.9,0.496,0.908,4.13,414,70.7,-0.96,0,-0.01
2011,Q4,"Hubei Province, China",31,112,21.9,332.3,55.1,0.211,0.834,3.88,2037,58.2,-0.91,0,-1.66
2011,Q4,"Gyeonggi-do, South Korea",37,127,19.5,326.2,74.7,0.237,0.267,1.44,842,28.6,-0.73,0,-1.79
2012,Q1,"Patagonia, Argentina",-42,-71,8.3,97.7,62.4,0.75,0.146,1.32,1755,13.4,0.05,0,2.36
2012,Q1,Central Chile,-35,-71,10.2,78.8,58.8,0.252,0.43,2.35,1863,18.2,0.05,0,-1.59
2012,Q1,Southern Brazil,-27,-49,18.7,202.8,76.2,0.273,0.482,1.32,1312,71.0,0.11,0,-0.01
2012,Q1,"Gran Chaco, Paraguay",-22,-60,19.5,148.0,80.1,0.487,0.481,0.74,1627,77.8,-0.0,0,3.44
2012,Q1,"Four Corners, USA",36,-109,4.6,43.6,84.1,0.331,0.882,4.82,1597,58.9,-0.02,0,-1.72
2012,Q1,"Bashkortostan, Russia",54,56,9.9,81.4,70.5,0.233,0.308,1.58,1481,50.8,0.17,0,1.96
2012,Q1,"Ostrobothnia, Finland",63,22,-9.0,61.6,60.0,0.334,0.189,3.06,1813,28.9,0.17,0,3.63
2012,Q1,"Baden-Württemberg, Germany",48,9,5.7,125.2,76.4,0.494,0.816,3.03,2065,32.4,0.08,0,1.83
2012,Q1,"Hubei Province, China",31,112,17.4,126.2,78.3,0.584,0.997,3.62,1750,17.0,0.05,0,3.16
2012,Q1,"Gyeonggi-do, South Korea",37,127,19.8,172.3,64.3,0.531,0.508,1.67,823,77.2,0.14,0,3.56
2012,Q2,"Patagonia, Argentina",-42,-71,5.0,235.2,40.7,0.347,0.769,0.62,183,63.9,-0.09,0,0.01
2012,Q2,Central Chile,-35,-71,17.2,176.2,65.1,0.751,0.729,3.4,544,75.3,0.2,0,-0.46
2012,Q2,Southern Brazil,-27,-49,24.4,344.8,78.5,0.587,0.69,2.45,1702,76.9,0.13,0,-0.4
2012,Q2,"Gran Chaco, Paraguay",-22,-60,28.7,185.1,50.7,0.467,0.179,2.65,2151,62.4,0.02,0,1.34
2012,Q2,"Four Corners, USA",36,-109,19.2,66.0,61.4,0.668,0.985,0.14,1657,40.8,0.05,0,-1.94
2012,Q2,"Bashkortostan, Russia",54,56,15.1,129.4,71.1,0.21,0.339,4.74,386,34.7,-0.06,0,0.8
2012,Q2,"Ostrobothnia, Finland",63,22,-2.3,105.7,83.7,0.736,0.62,3.64,851,40.7,-0.09,0,2.52
2012,Q2,"Baden-Württemberg, Germany",48,9,18.0,136.8,62.0,0.584,0.582,2.56,1315,37.1,-0.11,0,1.67
2012,Q2,"Hubei Province, China",31,112,14.5,176.8,62.5,0.234,0.566,3.6,106,30.0,0.18,0,1.11
2012,Q2,"Gyeonggi-do, South Korea",37,127,20.9,226.1,49.5,0.563,0.358,1.67,633,52.4,0.18,0,3.31
2012,Q3,"Patagonia, Argentina",-42,-71,13.8,266.1,58.3,0.593,0.643,1.03,2387,37.1,0.13,0,-0.63
2012,Q3,Central Chile,-35,-71,18.4,187.5,78.9,0.646,0.651,1.12,1385,46.1,-0.08,0,1.1
2012,Q3,Southern Brazil,-27,-49,20.0,493.1,80.1,0.703,0.33,4.92,2376,32.4,-0.11,0,1.73
2012,Q3,"Gran Chaco, Paraguay",-22,-60,23.9,292.5,50.9,0.63,0.435,0.42,1389,31.9,0.02,0,-1.89
2012,Q3,"Four Corners, USA",36,-109,18.5,77.6,59.5,0.598,0.598,0.25,2417,78.6,-0.08,0,-1.16
2012,Q3,"Bashkortostan, Russia",54,56,-6.8,162.8,77.9,0.769,0.207,2.0,1476,13.9,0.07,0,2.45
2012,Q3,"Ostrobothnia, Finland",63,22,6.5,143.0,49.0,0.233,0.188,1.2,1831,78.6,-0.03,0,3.46
2012,Q3,"Baden-Württemberg, Germany",48,9,20.8,238.4,46.0,0.326,0.57,4.23,409,70.4,-0.07,0,1.34
2012,Q3,"Hubei Province, China",31,112,29.9,326.7,43.0,0.433,0.375,3.54,771,67.3,-0.06,0,0.9
2012,Q3,"Gyeonggi-do, South Korea",37,127,14.1,356.6,71.8,0.676,0.134,1.2,1566,55.8,0.17,0,2.34
2012,Q4,"Patagonia, Argentina",-42,-71,13.5,242.5,77.5,0.225,0.906,0.22,97,46.1,-0.19,0,-1.59
2012,Q4,Central Chile,-35,-71,9.3,143.2,43.4,0.428,0.496,1.22,1009,26.9,0.04,0,-0.4
2012,Q4,Southern Brazil,-27,-49,23.3,432.8,42.0,0.525,0.955,1.41,591,64.7,-0.11,0,0.73
2012,Q4,"Gran Chaco, Paraguay",-22,-60,27.4,179.6,48.3,0.252,0.384,0.63,1352,31.6,-0.11,0,-1.31
2012,Q4,"Four Corners, USA",36,-109,17.4,82.5,77.7,0.336,0.233,0.82,2071,37.0,0.02,0,3.99
2012,Q4,"Bashkortostan, Russia",54,56,-9.6,158.2,84.4,0.412,0.191,1.19,75,58.9,-0.11,0,2.36
2012,Q4,"Ostrobothnia, Finland",63,22,14.6,131.6,70.9,0.677,0.612,2.92,153,71.3,0.11,0,3.7
2012,Q4,"Baden-Württemberg, Germany",48,9,5.5,243.2,64.8,0.772,0.777,3.21,2046,59.3,0.09,0,-0.3
2012,Q4,"Hubei Province, China",31,112,13.9,213.7,66.5,0.323,0.81,0.16,755,37.8,0.04,0,0.16
2012,Q4,"Gyeonggi-do, South Korea",37,127,3.1,227.5,78.6,0.385,0.688,4.96,1178,16.7,-0.05,0,-1.25
2013,Q1,"Patagonia, Argentina",-42,-71,6.0,101.2,52.1,0.458,0.296,4.17,2160,36.4,-0.43,0,1.75
2013,Q1,Central Chile,-35,-71,11.9,113.5,41.4,0.221,0.802,3.9,2387,43.2,-0.23,0,-0.71
2013,Q1,Southern Brazil,-27,-49,16.1,268.0,60.2,0.378,0.281,4.42,2383,53.3,-0.4,0,-0.16
2013,Q1,"Gran Chaco, Paraguay",-22,-60,27.1,112.5,44.2,0.663,0.556,2.43,709,12.4,-0.11,0,0.78
2013,Q1,"Four Corners, USA",36,-109,8.2,41.7,81.7,0.64,0.102,2.78,188,51.7,-0.49,0,-0.48
2013,Q1,"Bashkortostan, Russia",54,56,5.7,79.3,43.7,0.595,0.315,3.68,1247,60.6,-0.14,0,-0.18
2013,Q1,"Ostrobothnia, Finland",63,22,1.6,74.4,80.2,0.509,0.669,1.27,1273,56.6,-0.21,0,1.92
2013,Q1,"Baden-Württemberg, Germany",48,9,5.9,141.4,45.0,0.358,0.208,2.54,2447,14.0,-0.18,0,1.32
2013,Q1,"Hubei Province, China",31,112,25.7,198.0,45.1,0.539,0.787,2.64,1056,51.1,-0.16,0,2.27
2013,Q1,"Gyeonggi-do, South Korea",37,127,20.7,162.6,69.1,0.441,0.575,2.42,2139,71.8,-0.21,0,-0.49
2013,Q2,"Patagonia, Argentina",-42,-71,4.8,206.0,65.7,0.334,0.233,2.47,730,40.2,-0.36,0,0.6
2013,Q2,Central Chile,-35,-71,16.2,149.9,75.0,0.288,0.501,0.18,1313,39.1,-0.15,0,-1.0
2013,Q2,Southern Brazil,-27,-49,20.9,338.7,77.6,0.32,0.524,3.56,968,16.4,-0.23,0,-1.28
2013,Q2,"Gran Chaco, Paraguay",-22,-60,30.2,150.1,56.4,0.375,0.322,1.94,1317,53.0,-0.21,0,-0.55
2013,Q2,"Four Corners, USA",36,-109,11.4,59.3,66.1,0.527,0.514,3.66,1600,41.3,-0.24,0,3.47
2013,Q2,"Bashkortostan, Russia",54,56,12.6,100.2,74.7,0.636,0.302,3.69,2354,69.1,-0.25,0,2.44
2013,Q2,"Ostrobothnia, Finland",63,22,-2.3,100.0,53.7,0.392,0.123,2.14,740,54.5,-0.11,0,1.45
2013,Q2,"Baden-Württemberg, Germany",48,9,16.1,169.0,43.7,0.484,0.405,4.99,419,54.2,-0.1,0,-1.05
2013,Q2,"Hubei Province, China",31,112,13.3,229.2,77.6,0.461,0.908,0.22,956,47.0,-0.13,0,1.37
2013,Q2,"Gyeonggi-do, South Korea",37,127,7.9,204.4,49.7,0.475,0.63,4.25,657,77.8,-0.1,0,-1.39
2013,Q3,"Patagonia, Argentina",-42,-71,12.8,331.9,82.6,0.562,0.273,4.38,1847,64.4,-0.23,0,0.27
2013,Q3,Central Chile,-35,-71,12.4,188.1,83.3,0.778,0.735,4.18,1742,10.1,-0.49,0,1.78
2013,Q3,Southern Brazil,-27,-49,19.9,473.5,63.3,0.316,0.674,0.19,2364,31.3,-0.38,0,-1.14
2013,Q3,"Gran Chaco, Paraguay",-22,-60,24.3,198.8,72.4,0.317,0.332,3.89,1668,62.4,-0.14,0,1.57
2013,Q3,"Four Corners, USA",36,-109,15.5,91.1,61.5,0.368,0.49,3.59,2204,21.2,-0.29,0,0.0
2013,Q3,"Bashkortostan, Russia",54,56,-0.5,159.5,56.8,0.695,0.483,4.83,94,37.1,-0.26,0,1.81
2013,Q3,"Ostrobothnia, Finland",63,22,-0.4,152.9,60.9,0.467,0.94,3.95,1203,10.2,-0.38,0,-1.16
2013,Q3,"Baden-Württemberg, Germany",48,9,7.6,262.4,70.5,0.322,0.176,0.91,2078,13.3,-0.4,0,-1.71
2013,Q3,"Hubei Province, China",31,112,21.5,282.3,84.4,0.407,0.253,2.37,821,56.7,-0.45,0,1.14
2013,Q3,"Gyeonggi-do, South Korea",37,127,16.0,280.2,71.1,0.527,0.821,1.33,513,30.4,-0.39,0,0.39
2013,Q4,"Patagonia, Argentina",-42,-71,4.9,176.3,40.2,0.35,0.194,1.12,1763,14.2,-0.26,0,2.51
2013,Q4,Central Chile,-35,-71,8.2,199.6,56.1,0.241,0.88,3.47,1289,37.9,-0.27,0,2.83
2013,Q4,Southern Brazil,-27,-49,22.9,329.0,53.3,0.24,0.899,2.48,1071,22.1,-0.26,0,1.77
2013,Q4,"Gran Chaco, Paraguay",-22,-60,25.8,173.0,77.5,0.645,0.704,4.64,1744,28.6,-0.34,0,0.99
2013,Q4,"Four Corners, USA",36,-109,14.6,54.1,82.1,0.737,0.583,0.04,300,48.3,-0.17,0,-0.97
2013,Q4,"Bashkortostan, Russia",54,56,10.7,104.9,68.3,0.771,0.33,0.01,852,19.9,-0.33,0,0.6
2013,Q4,"Ostrobothnia, Finland",63,22,-9.1,130.9,69.2,0.386,0.858,4.8,114,72.9,-0.41,0,3.46
2013,Q4,"Baden-Württemberg, Germany",48,9,9.0,168.2,83.0,0.762,0.426,1.09,403,69.7,-0.41,0,3.23
2013,Q4,"Hubei Province, China",31,112,14.4,214.2,43.6,0.253,0.886,3.34,1712,33.5,-0.48,0,2.93
2013,Q4,"Gyeonggi-do, South Korea",37,127,6.4,295.0,68.2,0.218,0.825,3.71,1303,23.0,-0.39,0,2.95
2014,Q1,"Patagonia, Argentina",-42,-71,3.6,114.0,75.6,0.747,0.302,1.67,1014,46.0,0.26,0,1.49
2014,Q1,Central Chile,-35,-71,14.1,107.8,47.3,0.791,0.176,3.46,1533,41.0,0.43,0,3.58
2014,Q1,Southern Brazil,-27,-49,14.2,217.4,78.5,0.485,0.731,0.83,752,26.2,0.27,0,3.74
2014,Q1,"Gran Chaco, Paraguay",-22,-60,21.4,143.8,83.2,0.265,0.384,1.03,107,51.8,0.21,0,0.82
2014,Q1,"Four Corners, USA",36,-109,11.2,33.2,50.6,0.727,0.665,3.25,1152,35.4,0.19,0,2.75
2014,Q1,"Bashkortostan, Russia",54,56,16.7,85.0,45.8,0.502,0.918,1.77,2383,28.4,0.44,1,2.13
2014,Q1,"Ostrobothnia, Finland",63,22,1.6,66.1,48.8,0.419,0.845,2.4,1599,43.3,0.31,1,-0.19
2014,Q1,"Baden-Württemberg, Germany",48,9,9.7,146.3,73.3,0.273,0.257,1.13,304,49.9,0.43,1,2.58
2014,Q1,"Hubei Province, China",31,112,3.1,142.6,73.3,0.778,0.441,0.26,1962,38.7,0.11,0,3.43
2014,Q1,"Gyeonggi-do, South Korea",37,127,10.9,191.7,46.5,0.243,0.866,1.58,1641,44.7,0.17,0,-0.18
2014,Q2,"Patagonia, Argentina",-42,-71,10.7,195.3,72.4,0.781,0.627,1.19,96,29.9,0.19,0,-0.43
2014,Q2,Central Chile,-35,-71,18.0,93.2,40.1,0.53,0.73,1.73,590,27.8,0.16,0,0.37
2014,Q2,Southern Brazil,-27,-49,22.9,298.8,67.1,0.656,0.203,4.35,1667,12.6,0.17,0,1.97
2014,Q2,"Gran Chaco, Paraguay",-22,-60,23.9,164.4,57.5,0.549,0.646,0.88,502,21.2,0.26,0,1.29
2014,Q2,"Four Corners, USA",36,-109,23.2,64.2,77.3,0.781,0.68,3.61,1680,27.7,0.47,0,3.5
2014,Q2,"Bashkortostan, Russia",54,56,17.0,139.7,80.5,0.301,0.64,0.62,959,68.0,0.21,1,-0.32
2014,Q2,"Ostrobothnia, Finland",63,22,10.8,110.1,72.1,0.63,0.182,4.12,2061,59.2,0.27,1,-0.01
2014,Q2,"Baden-Württemberg, Germany",48,9,19.0,133.6,57.3,0.625,0.218,4.68,109,77.3,0.17,1,-1.95
2014,Q2,"Hubei Province, China",31,112,10.6,271.6,43.1,0.321,0.218,1.26,124,60.6,0.15,0,-0.69
2014,Q2,"Gyeonggi-do, South Korea",37,127,7.6,203.4,57.7,0.671,0.405,0.75,2401,56.9,0.27,0,3.92
2014,Q3,"Patagonia, Argentina",-42,-71,8.8,194.4,49.8,0.738,0.152,0.49,59,43.8,0.39,0,-0.23
2014,Q3,Central Chile,-35,-71,13.4,249.8,64.5,0.462,0.577,4.66,1591,21.6,0.21,0,0.99
2014,Q3,Southern Brazil,-27,-49,22.9,527.9,57.3,0.534,0.584,1.91,2288,63.0,0.43,0,-1.29
2014,Q3,"Gran Chaco, Paraguay",-22,-60,27.1,250.2,77.2,0.761,0.59,4.8,241,75.5,0.22,0,2.28
2014,Q3,"Four Corners, USA",36,-109,24.9,118.1,43.8,0.294,0.423,3.14,1071,79.8,0.31,0,-1.88
2014,Q3,"Bashkortostan, Russia",54,56,-4.2,138.5,59.0,0.398,0.999,0.56,2246,14.8,0.36,1,0.17
2014,Q3,"Ostrobothnia, Finland",63,22,8.8,152.5,51.6,0.344,0.856,3.65,420,58.8,0.36,1,3.0
2014,Q3,"Baden-Württemberg, Germany",48,9,13.2,237.6,46.0,0.573,0.291,4.31,2052,67.0,0.35,1,1.08
2014,Q3,"Hubei Province, China",31,112,27.6,410.7,50.4,0.75,0.99,2.93,1136,13.4,0.25,0,2.45
2014,Q3,"Gyeonggi-do, South Korea",37,127,14.8,312.0,66.1,0.226,0.953,3.12,276,34.2,0.26,0,-1.51
2014,Q4,"Patagonia, Argentina",-42,-71,2.5,235.1,82.4,0.222,0.921,3.2,2439,10.6,0.12,0,-0.48
2014,Q4,Central Chile,-35,-71,8.2,206.4,70.2,0.501,0.369,1.92,808,19.7,0.43,0,0.09
2014,Q4,Southern Brazil,-27,-49,22.6,346.4,41.7,0.452,0.628,3.39,1996,18.9,0.21,0,2.54
2014,Q4,"Gran Chaco, Paraguay",-22,-60,24.3,243.3,40.9,0.312,0.883,2.47,808,56.1,0.2,0,0.72
2014,Q4,"Four Corners, USA",36,-109,15.8,99.1,58.7,0.66,0.3,2.9,1660,10.4,0.13,0,2.22
2014,Q4,"Bashkortostan, Russia",54,56,-6.7,104.9,82.2,0.4,0.867,4.72,2025,66.2,0.38,1,0.43
2014,Q4,"Ostrobothnia, Finland",63,22,14.8,114.4,75.1,0.231,0.347,4.01,1981,39.8,0.33,1,2.43
2014,Q4,"Baden-Württemberg, Germany",48,9,11.8,227.3,62.0,0.551,0.718,1.78,218,56.8,0.28,1,1.03
2014,Q4,"Hubei Province, China",31,112,15.1,261.9,71.4,0.323,0.418,1.42,671,51.9,0.22,0,-0.58
2014,Q4,"Gyeonggi-do, South Korea",37,127,0.3,305.4,44.6,0.52,0.735,4.06,1180,23.3,0.31,0,0.44
2015,Q1,"Patagonia, Argentina",-42,-71,11.7,135.0,55.9,0.283,0.244,3.85,334,41.4,2.42,0,1.7
2015,Q1,Central Chile,-35,-71,13.9,82.8,71.0,0.706,0.335,1.52,1203,38.2,2.22,0,-1.16
2015,Q1,Southern Brazil,-27,-49,17.9,184.9,53.0,0.541,0.57,3.98,2351,10.5,2.15,0,1.92
2015,Q1,"Gran Chaco, Paraguay",-22,-60,19.1,118.2,75.4,0.716,0.659,1.16,1754,44.5,2.1,0,-0.29
2015,Q1,"Four Corners, USA",36,-109,4.6,44.9,42.5,0.681,0.799,1.91,858,47.1,2.36,0,-0.17
2015,Q1,"Bashkortostan, Russia",54,56,-11.1,71.6,45.7,0.764,0.173,3.73,2186,22.5,2.49,0,1.59
2015,Q1,"Ostrobothnia, Finland",63,22,5.9,87.1,43.3,0.766,0.154,3.43,1324,15.1,2.39,0,-1.8
2015,Q1,"Baden-Württemberg, Germany",48,9,3.3,125.2,81.3,0.252,0.145,0.2,1600,48.7,2.22,0,0.08
2015,Q1,"Hubei Province, China",31,112,19.4,205.8,53.4,0.456,0.836,3.59,82,75.7,2.37,0,2.67
2015,Q1,"Gyeonggi-do, South Korea",37,127,0.7,209.5,81.4,0.779,0.239,2.29,2247,73.4,2.18,0,2.31
2015,Q2,"Patagonia, Argentina",-42,-71,6.0,155.4,55.3,0.301,0.414,0.47,1206,46.3,2.39,0,-1.29
2015,Q2,Central Chile,-35,-71,15.3,160.6,80.3,0.364,0.964,3.42,1648,13.1,2.16,0,0.23
2015,Q2,Southern Brazil,-27,-49,16.8,298.1,40.2,0.211,0.327,1.42,1077,48.5,2.31,0,0.92
2015,Q2,"Gran Chaco, Paraguay",-22,-60,25.7,182.5,45.9,0.251,0.82,4.32,2119,30.2,2.28,0,1.21
2015,Q2,"Four Corners, USA",36,-109,21.3,62.4,59.2,0.211,0.66,3.02,2073,19.0,2.48,0,0.4
2015,Q2,"Bashkortostan, Russia",54,56,-8.2,85.6,48.5,0.515,0.503,3.05,1560,38.2,2.4,0,-1.1
2015,Q2,"Ostrobothnia, Finland",63,22,-0.5,109.4,77.3,0.556,0.837,2.16,63,71.3,2.36,0,1.06
2015,Q2,"Baden-Württemberg, Germany",48,9,9.2,182.4,82.4,0.279,0.22,3.46,246,48.5,2.15,0,2.07
2015,Q2,"Hubei Province, China",31,112,26.7,189.7,62.3,0.311,0.756,2.02,110,69.4,2.11,0,-0.05
2015,Q2,"Gyeonggi-do, South Korea",37,127,10.0,256.0,59.1,0.307,0.524,4.08,133,42.6,2.19,0,-1.01
2015,Q3,"Patagonia, Argentina",-42,-71,11.4,251.0,61.1,0.725,0.781,3.96,2237,36.2,2.47,0,-1.91
2015,Q3,Central Chile,-35,-71,11.6,155.4,84.5,0.548,0.96,1.37,404,67.1,2.31,0,-1.59
2015,Q3,Southern Brazil,-27,-49,20.1,532.0,56.8,0.427,0.854,4.35,1172,72.7,2.21,0,3.02
2015,Q3,"Gran Chaco, Paraguay",-22,-60,28.1,295.4,68.3,0.372,0.478,3.28,124,48.2,2.35,0,1.39
2015,Q3,"Four Corners, USA",36,-109,21.1,72.1,52.7,0.513,0.981,0.97,727,13.3,2.16,0,0.63
2015,Q3,"Bashkortostan, Russia",54,56,12.2,154.3,50.4,0.268,0.679,1.26,888,67.5,2.28,0,3.95
2015,Q3,"Ostrobothnia, Finland",63,22,-0.9,167.9,62.5,0.541,0.596,1.49,293,11.6,2.4,0,0.57
2015,Q3,"Baden-Württemberg, Germany",48,9,16.6,254.2,70.3,0.452,0.73,4.3,1154,45.5,2.2,0,3.59
2015,Q3,"Hubei Province, China",31,112,25.5,419.9,43.3,0.741,0.318,4.55,2321,47.0,2.44,0,1.83
2015,Q3,"Gyeonggi-do, South Korea",37,127,16.3,325.6,65.5,0.309,0.844,3.13,1451,46.0,2.46,0,-1.53
2015,Q4,"Patagonia, Argentina",-42,-71,7.0,203.0,51.2,0.301,0.65,4.91,1643,32.1,2.43,0,2.6
2015,Q4,Central Chile,-35,-71,15.9,149.9,47.4,0.461,0.484,0.11,1910,74.1,2.27,0,0.4
2015,Q4,Southern Brazil,-27,-49,22.9,307.0,41.7,0.415,0.527,2.94,127,31.2,2.39,0,1.54
2015,Q4,"Gran Chaco, Paraguay",-22,-60,26.6,229.7,53.2,0.205,0.205,3.02,835,17.3,2.45,0,1.57
2015,Q4,"Four Corners, USA",36,-109,15.3,98.5,83.4,0.724,0.973,3.6,1480,31.1,2.25,0,-0.64
2015,Q4,"Bashkortostan, Russia",54,56,17.8,127.7,47.6,0.415,0.894,1.65,954,41.6,2.45,0,-1.36
2015,Q4,"Ostrobothnia, Finland",63,22,8.5,149.1,56.3,0.504,0.661,2.53,1101,66.8,2.43,0,-1.62
2015,Q4,"Baden-Württemberg, Germany",48,9,5.5,226.4,76.3,0.232,0.801,4.35,1795,41.0,2.39,0,3.52
2015,Q4,"Hubei Province, China",31,112,10.1,271.2,52.8,0.459,0.674,1.1,273,65.5,2.23,0,3.56
2015,Q4,"Gyeonggi-do, South Korea",37,127,13.6,282.3,59.6,0.297,0.66,3.58,2219,75.8,2.37,0,1.85
2016,Q1,"Patagonia, Argentina",-42,-71,6.8,137.1,82.6,0.437,0.92,3.17,2248,67.6,1.66,0,-0.12
2016,Q1,Central Chile,-35,-71,12.6,64.5,52.6,0.61,0.173,0.82,429,36.8,1.73,0,-1.79
2016,Q1,Southern Brazil,-27,-49,17.4,206.4,52.2,0.557,0.885,2.3,475,50.2,1.61,0,3.19
2016,Q1,"Gran Chaco, Paraguay",-22,-60,23.2,143.5,50.1,0.572,0.413,1.82,1199,25.4,1.68,0,3.83
2016,Q1,"Four Corners, USA",36,-109,6.6,32.0,71.0,0.503,0.127,2.15,2332,19.0,1.87,0,0.02
2016,Q1,"Bashkortostan, Russia",54,56,9.2,82.6,79.7,0.625,0.328,0.29,138,20.6,1.85,0,2.67
2016,Q1,"Ostrobothnia, Finland",63,22,5.6,77.0,55.1,0.742,0.596,0.97,669,48.0,1.93,0,1.14
2016,Q1,"Baden-Württemberg, Germany",48,9,4.9,128.3,41.3,0.655,0.409,2.71,2185,49.1,1.83,0,-1.68
2016,Q1,"Hubei Province, China",31,112,5.6,130.3,67.2,0.608,0.633,4.77,1842,77.3,1.64,0,0.75
2016,Q1,"Gyeonggi-do, South Korea",37,127,6.4,181.2,82.3,0.441,0.876,2.88,464,20.7,1.76,0,3.03
2016,Q2,"Patagonia, Argentina",-42,-71,9.2,134.7,41.9,0.264,0.29,3.9,582,19.9,1.99,0,2.37
2016,Q2,Central Chile,-35,-71,18.5,162.6,81.7,0.214,0.653,1.37,1531,49.5,1.62,0,3.0
2016,Q2,Southern Brazil,-27,-49,24.7,244.9,55.5,0.236,0.454,1.63,2172,59.5,1.71,0,1.37
2016,Q2,"Gran Chaco, Paraguay",-22,-60,31.1,183.6,48.4,0.639,0.842,1.96,1616,59.1,1.63,0,0.01
2016,Q2,"Four Corners, USA",36,-109,11.0,67.8,58.5,0.629,0.555,3.2,1423,52.9,1.65,0,3.12
2016,Q2,"Bashkortostan, Russia",54,56,-10.0,117.5,54.9,0.225,0.599,2.34,2218,79.1,1.71,0,1.81
2016,Q2,"Ostrobothnia, Finland",63,22,-7.3,86.2,75.2,0.628,0.332,3.09,1764,16.9,1.98,0,0.67
2016,Q2,"Baden-Württemberg, Germany",48,9,12.3,163.5,45.7,0.377,0.577,3.74,2097,25.1,1.61,0,0.31
2016,Q2,"Hubei Province, China",31,112,7.3,213.9,74.6,0.638,0.313,2.08,2284,41.1,1.66,0,-1.98
2016,Q2,"Gyeonggi-do, South Korea",37,127,15.8,243.7,42.4,0.727,0.95,1.1,1206,74.3,1.93,0,2.97
2016,Q3,"Patagonia, Argentina",-42,-71,15.3,346.8,54.4,0.266,0.889,4.52,68,26.8,1.87,0,2.65
2016,Q3,Central Chile,-35,-71,16.6,133.0,60.0,0.217,0.428,1.42,2347,28.2,1.73,0,0.2
2016,Q3,Southern Brazil,-27,-49,18.9,385.2,66.4,0.285,0.35,2.65,724,17.0,1.97,0,1.07
2016,Q3,"Gran Chaco, Paraguay",-22,-60,27.7,274.9,40.9,0.783,0.211,3.87,1957,77.5,1.76,0,3.72
2016,Q3,"Four Corners, USA",36,-109,11.7,118.8,60.0,0.675,0.475,4.1,2020,19.9,1.87,0,1.35
2016,Q3,"Bashkortostan, Russia",54,56,-6.4,140.8,67.4,0.533,0.713,0.64,696,61.4,1.97,0,-0.72
2016,Q3,"Ostrobothnia, Finland",63,22,14.6,130.2,45.3,0.728,0.343,3.84,2494,52.1,1.83,0,1.95
2016,Q3,"Baden-Württemberg, Germany",48,9,16.9,230.9,84.4,0.269,0.106,4.69,199,72.1,1.96,0,1.55
2016,Q3,"Hubei Province, China",31,112,11.1,255.1,72.6,0.704,0.933,2.2,82,51.9,1.94,0,-0.88
2016,Q3,"Gyeonggi-do, South Korea",37,127,14.1,437.6,71.9,0.551,0.874,3.54,447,42.7,1.85,0,-1.08
2016,Q4,"Patagonia, Argentina",-42,-71,11.9,197.5,45.4,0.665,0.839,3.67,515,70.9,1.88,0,1.13
2016,Q4,Central Chile,-35,-71,15.2,183.5,55.2,0.556,0.436,1.72,1216,50.2,1.94,0,3.58
2016,Q4,Southern Brazil,-27,-49,15.7,419.7,48.1,0.685,0.106,1.01,1950,24.3,1.8,0,-1.93
2016,Q4,"Gran Chaco, Paraguay",-22,-60,21.5,233.2,76.3,0.386,0.221,3.35,1725,61.2,1.8,0,-0.51
2016,Q4,"Four Corners, USA",36,-109,12.6,87.6,81.7,0.788,0.109,1.59,210,46.4,1.66,0,3.45
2016,Q4,"Bashkortostan, Russia",54,56,13.9,103.8,48.9,0.704,0.347,0.75,626,41.0,1.97,0,1.19
2016,Q4,"Ostrobothnia, Finland",63,22,-5.6,130.1,45.0,0.509,0.929,2.64,1132,38.3,1.82,0,3.48
2016,Q4,"Baden-Württemberg, Germany",48,9,4.9,166.2,63.7,0.294,0.279,3.27,1846,79.2,1.73,0,3.52
2016,Q4,"Hubei Province, China",31,112,10.9,341.2,51.3,0.457,0.655,0.89,1816,31.3,1.94,0,-0.51
2016,Q4,"Gyeonggi-do, South Korea",37,127,22.8,335.8,76.6,0.528,0.129,4.49,170,20.7,1.83,0,0.07
2017,Q1,"Patagonia, Argentina",-42,-71,6.1,98.5,63.7,0.558,0.839,2.13,1220,27.9,-0.51,0,3.25
2017,Q1,Central Chile,-35,-71,11.0,107.9,70.3,0.61,0.195,1.91,66,41.3,-0.9,0,2.74
2017,Q1,Southern Brazil,-27,-49,20.6,186.0,83.5,0.526,0.629,4.5,433,21.1,-0.59,0,1.07
2017,Q1,"Gran Chaco, Paraguay",-22,-60,25.9,90.9,44.1,0.477,0.459,0.39,52,64.0,-0.89,0,0.65
2017,Q1,"Four Corners, USA",36,-109,14.2,31.4,70.5,0.289,0.611,4.6,529,35.2,-0.66,0,1.56
2017,Q1,"Bashkortostan, Russia",54,56,10.3,104.0,41.2,0.434,0.714,3.5,209,37.9,-0.65,1,1.56
2017,Q1,"Ostrobothnia, Finland",63,22,-2.8,83.5,40.8,0.635,0.956,3.61,144,45.2,-0.8,1,2.88
2017,Q1,"Baden-Württemberg, Germany",48,9,10.1,114.4,40.6,0.382,0.86,4.88,1001,50.9,-0.84,1,-1.46
2017,Q1,"Hubei Province, China",31,112,2.7,178.2,67.1,0.794,0.504,1.38,1075,46.0,-0.68,0,2.63
2017,Q1,"Gyeonggi-do, South Korea",37,127,-1.4,206.6,73.9,0.223,0.298,4.91,2343,66.6,-0.59,0,0.6
2017,Q2,"Patagonia, Argentina",-42,-71,8.9,205.9,79.0,0.549,0.126,3.55,1246,60.3,-0.8,0,3.73
2017,Q2,Central Chile,-35,-71,11.3,86.7,54.1,0.657,0.37,3.03,2329,79.6,-0.59,0,-0.49
2017,Q2,Southern Brazil,-27,-49,20.0,359.4,57.8,0.704,0.457,4.84,451,44.8,-0.54,0,1.36
2017,Q2,"Gran Chaco, Paraguay",-22,-60,30.8,178.1,68.7,0.239,0.386,2.1,1307,30.2,-0.59,0,1.72
2017,Q2,"Four Corners, USA",36,-109,16.7,77.4,59.1,0.308,0.249,0.45,1820,61.0,-0.89,0,-0.95
2017,Q2,"Bashkortostan, Russia",54,56,9.3,106.8,51.0,0.6,0.909,4.62,1635,26.0,-0.77,1,-0.24
2017,Q2,"Ostrobothnia, Finland",63,22,4.8,80.9,58.5,0.339,0.263,4.99,2472,39.5,-0.55,1,0.37
2017,Q2,"Baden-Württemberg, Germany",48,9,14.5,138.9,84.8,0.282,0.983,2.08,1801,18.1,-0.75,1,1.44
2017,Q2,"Hubei Province, China",31,112,16.7,271.0,44.5,0.257,0.245,4.99,2428,45.7,-0.82,0,1.82
2017,Q2,"Gyeonggi-do, South Korea",37,127,2.2,227.9,57.0,0.497,0.782,0.94,2137,52.6,-0.77,0,2.0
2017,Q3,"Patagonia, Argentina",-42,-71,5.4,337.1,44.8,0.266,0.172,3.95,1637,55.8,-0.82,0,-0.7
2017,Q3,Central Chile,-35,-71,17.2,192.5,43.0,0.794,0.244,1.88,843,64.1,-0.82,0,0.07
2017,Q3,Southern Brazil,-27,-49,24.6,498.8,56.6,0.617,0.162,4.23,421,35.9,-0.58,0,0.55
2017,Q3,"Gran Chaco, Paraguay",-22,-60,29.7,260.6,74.1,0.706,0.661,1.42,92,45.1,-0.5,0,-0.7
2017,Q3,"Four Corners, USA",36,-109,23.7,73.6,55.1,0.361,0.286,4.65,2055,50.4,-0.88,0,2.76
2017,Q3,"Bashkortostan, Russia",54,56,-3.7,172.3,60.0,0.661,0.423,0.71,1165,15.3,-0.64,1,1.4
2017,Q3,"Ostrobothnia, Finland",63,22,-6.5,134.3,84.0,0.413,0.304,2.31,445,36.5,-0.63,1,2.12
2017,Q3,"Baden-Württemberg, Germany",48,9,19.6,224.0,70.7,0.395,0.652,4.17,1363,41.6,-0.75,1,-1.7
2017,Q3,"Hubei Province, China",31,112,18.9,303.6,60.2,0.26,0.672,1.52,2105,15.8,-0.62,0,0.84
2017,Q3,"Gyeonggi-do, South Korea",37,127,13.8,441.6,50.5,0.726,0.858,4.26,1444,61.2,-0.57,0,3.84
2017,Q4,"Patagonia, Argentina",-42,-71,10.8,168.3,63.9,0.481,0.241,3.49,2065,62.9,-0.63,0,2.44
2017,Q4,Central Chile,-35,-71,8.7,198.0,70.3,0.205,0.271,1.97,2033,76.2,-0.79,0,-0.92
2017,Q4,Southern Brazil,-27,-49,18.9,319.8,41.3,0.395,0.568,2.36,2303,14.0,-0.6,0,-0.61
2017,Q4,"Gran Chaco, Paraguay",-22,-60,25.9,150.7,69.8,0.462,0.322,2.8,1266,12.3,-0.54,0,-0.48
2017,Q4,"Four Corners, USA",36,-109,9.7,56.5,74.0,0.314,0.789,3.73,2419,16.5,-0.75,0,-0.61
2017,Q4,"Bashkortostan, Russia",54,56,-12.0,149.5,81.1,0.265,0.436,4.4,1272,56.4,-0.65,1,3.0
2017,Q4,"Ostrobothnia, Finland",63,22,14.4,126.1,63.3,0.357,0.469,0.27,542,77.0,-0.54,1,-1.66
2017,Q4,"Baden-Württemberg, Germany",48,9,14.9,180.2,73.8,0.573,0.908,2.43,780,59.0,-0.89,1,-1.85
2017,Q4,"Hubei Province, China",31,112,25.5,286.5,72.6,0.322,0.471,0.16,786,44.0,-0.61,0,-0.28
2017,Q4,"Gyeonggi-do, South Korea",37,127,17.0,256.6,84.7,0.682,0.287,1.52,2439,76.2,-0.72,0,2.14
2018,Q1,"Patagonia, Argentina",-42,-71,2.2,148.2,82.6,0.767,0.431,0.74,2012,48.5,0.47,0,1.88
2018,Q1,Central Chile,-35,-71,9.9,75.5,64.1,0.523,0.953,3.93,2105,31.7,0.6,0,2.55
2018,Q1,Southern Brazil,-27,-49,12.8,226.5,84.8,0.252,0.129,3.7,933,40.3,0.59,0,-1.03
2018,Q1,"Gran Chaco, Paraguay",-22,-60,22.0,148.7,72.0,0.537,0.656,4.52,1606,58.0,0.7,0,0.15
2018,Q1,"Four Corners, USA",36,-109,4.6,30.6,40.1,0.792,0.274,0.37,2463,44.7,0.57,0,3.63
2018,Q1,"Bashkortostan, Russia",54,56,-4.3,62.7,75.2,0.344,0.165,1.63,2438,59.0,0.58,0,-1.55
2018,Q1,"Ostrobothnia, Finland",63,22,1.0,83.8,80.7,0.537,0.183,0.26,316,45.3,0.65,0,3.08
2018,Q1,"Baden-Württemberg, Germany",48,9,1.5,108.6,66.4,0.573,0.573,2.88,217,64.9,0.62,0,2.69
2018,Q1,"Hubei Province, China",31,112,12.1,207.1,61.8,0.399,0.612,4.36,514,63.3,0.64,0,3.2
2018,Q1,"Gyeonggi-do, South Korea",37,127,1.2,209.8,81.2,0.754,0.983,4.78,104,55.0,0.49,0,2.99
2018,Q2,"Patagonia, Argentina",-42,-71,9.9,223.5,56.3,0.627,0.416,4.28,1773,29.2,0.55,0,2.43
2018,Q2,Central Chile,-35,-71,19.4,126.5,45.4,0.759,0.991,1.45,1706,59.9,0.46,0,2.37
2018,Q2,Southern Brazil,-27,-49,17.3,267.4,51.2,0.659,0.631,1.7,2103,73.7,0.63,0,2.74
2018,Q2,"Gran Chaco, Paraguay",-22,-60,30.2,164.3,66.4,0.309,0.111,0.32,1753,67.4,0.63,0,-0.96
2018,Q2,"Four Corners, USA",36,-109,20.2,44.7,48.7,0.32,0.56,3.57,70,45.4,0.58,0,3.29
2018,Q2,"Bashkortostan, Russia",54,56,7.0,118.6,67.3,0.373,0.181,1.2,1025,61.0,0.34,0,3.41
2018,Q2,"Ostrobothnia, Finland",63,22,0.3,117.5,70.6,0.52,0.457,4.74,1180,17.7,0.5,0,0.16
2018,Q2,"Baden-Württemberg, Germany",48,9,11.4,128.3,44.1,0.782,0.817,3.25,1649,14.8,0.47,0,1.17
2018,Q2,"Hubei Province, China",31,112,26.0,264.3,58.5,0.528,0.915,0.18,1343,43.7,0.43,0,-0.45
2018,Q2,"Gyeonggi-do, South Korea",37,127,14.6,194.0,47.1,0.392,0.618,3.93,206,13.0,0.64,0,2.07
2018,Q3,"Patagonia, Argentina",-42,-71,9.5,191.4,46.5,0.33,0.654,4.41,1639,31.2,0.52,0,2.9
2018,Q3,Central Chile,-35,-71,18.6,155.2,75.3,0.706,0.622,3.18,664,69.0,0.41,0,0.87
2018,Q3,Southern Brazil,-27,-49,19.1,387.5,82.6,0.483,0.172,3.9,1796,10.5,0.61,0,1.38
2018,Q3,"Gran Chaco, Paraguay",-22,-60,31.6,212.7,55.7,0.655,0.718,0.64,2036,75.8,0.7,0,0.48
2018,Q3,"Four Corners, USA",36,-109,15.0,69.3,51.3,0.273,0.914,2.04,2135,12.9,0.31,0,1.65
2018,Q3,"Bashkortostan, Russia",54,56,-7.5,171.6,61.2,0.635,0.649,1.81,1614,79.4,0.62,0,2.54
2018,Q3,"Ostrobothnia, Finland",63,22,6.4,128.4,71.1,0.601,0.625,2.27,2039,79.1,0.42,0,0.24
2018,Q3,"Baden-Württemberg, Germany",48,9,6.3,191.9,54.4,0.241,0.244,2.79,485,21.9,0.42,0,-0.03
2018,Q3,"Hubei Province, China",31,112,19.6,369.6,40.2,0.748,0.296,1.41,543,40.1,0.64,0,0.9
2018,Q3,"Gyeonggi-do, South Korea",37,127,5.3,437.1,83.5,0.23,0.633,4.93,1147,78.7,0.55,0,-1.54
2018,Q4,"Patagonia, Argentina",-42,-71,2.8,195.7,73.4,0.547,0.982,1.26,2445,54.0,0.5,0,3.02
2018,Q4,Central Chile,-35,-71,13.5,101.8,57.1,0.633,0.605,4.96,947,46.7,0.65,0,2.59
2018,Q4,Southern Brazil,-27,-49,17.1,437.1,53.2,0.402,0.443,3.02,225,78.3,0.5,0,-1.62
2018,Q4,"Gran Chaco, Paraguay",-22,-60,22.7,203.4,82.6,0.556,0.931,3.35,544,20.2,0.39,0,-1.35
2018,Q4,"Four Corners, USA",36,-109,12.5,76.5,82.4,0.324,0.469,3.95,408,65.5,0.31,0,-1.15
2018,Q4,"Bashkortostan, Russia",54,56,-6.9,152.6,75.9,0.295,0.89,1.19,856,75.8,0.46,0,2.92
2018,Q4,"Ostrobothnia, Finland",63,22,4.5,144.7,81.1,0.491,0.717,0.38,556,33.0,0.67,0,-0.3
2018,Q4,"Baden-Württemberg, Germany",48,9,17.5,152.4,57.5,0.254,0.921,2.71,2045,57.5,0.51,0,-0.84
2018,Q4,"Hubei Province, China",31,112,20.7,317.4,75.2,0.508,0.813,3.66,2339,45.8,0.34,0,3.49
2018,Q4,"Gyeonggi-do, South Korea",37,127,16.8,314.2,70.8,0.772,0.987,4.34,1772,72.1,0.42,0,-0.43
2019,Q1,"Patagonia, Argentina",-42,-71,4.6,150.0,53.9,0.523,0.81,3.07,588,42.4,0.15,0,1.53
2019,Q1,Central Chile,-35,-71,13.4,134.4,67.3,0.473,0.214,4.54,677,21.8,0.11,0,2.24
2019,Q1,Southern Brazil,-27,-49,14.8,186.6,72.6,0.204,0.984,2.33,1271,43.3,0.45,0,3.74
2019,Q1,"Gran Chaco, Paraguay",-22,-60,18.8,113.9,61.8,0.216,0.257,3.0,877,77.8,0.22,0,2.02
2019,Q1,"Four Corners, USA",36,-109,7.8,45.0,68.6,0.671,0.111,3.32,1549,43.1,0.19,0,3.24
2019,Q1,"Bashkortostan, Russia",54,56,17.0,98.3,51.2,0.518,0.184,1.11,1424,75.2,0.31,1,0.36
2019,Q1,"Ostrobothnia, Finland",63,22,-10.7,72.9,65.6,0.245,0.18,4.73,169,46.8,0.26,1,3.09
2019,Q1,"Baden-Württemberg, Germany",48,9,13.1,126.3,40.6,0.274,0.487,3.82,2359,26.3,0.3,1,1.79
2019,Q1,"Hubei Province, China",31,112,9.2,123.1,62.6,0.276,0.359,0.5,531,60.4,0.31,0,-0.83
2019,Q1,"Gyeonggi-do, South Korea",37,127,-3.3,224.1,49.0,0.757,0.445,0.96,1281,18.1,0.32,0,1.36
2019,Q2,"Patagonia, Argentina",-42,-71,5.5,141.4,72.5,0.282,0.452,4.22,514,32.4,0.22,0,2.43
2019,Q2,Central Chile,-35,-71,18.7,115.6,63.1,0.375,0.504,2.75,2448,67.5,0.18,0,3.49
2019,Q2,Southern Brazil,-27,-49,16.3,244.7,70.5,0.477,0.587,1.72,1934,62.1,0.14,0,1.49
2019,Q2,"Gran Chaco, Paraguay",-22,-60,23.8,178.7,65.4,0.254,0.999,1.92,1292,70.0,0.31,0,-1.31
2019,Q2,"Four Corners, USA",36,-109,9.2,57.8,73.9,0.636,0.9,0.93,1446,79.1,0.32,0,-1.4
2019,Q2,"Bashkortostan, Russia",54,56,-8.5,87.1,44.4,0.624,0.355,1.64,974,71.6,0.35,1,2.0
2019,Q2,"Ostrobothnia, Finland",63,22,-6.2,119.4,47.9,0.607,0.263,3.03,1553,18.8,0.14,1,3.56
2019,Q2,"Baden-Württemberg, Germany",48,9,6.9,178.1,74.7,0.674,0.697,3.33,823,48.3,0.48,1,1.26
2019,Q2,"Hubei Province, China",31,112,15.9,259.7,78.7,0.686,0.539,2.03,533,58.8,0.36,0,0.07
2019,Q2,"Gyeonggi-do, South Korea",37,127,8.0,182.2,50.5,0.699,0.259,3.01,800,29.1,0.32,0,0.32
2019,Q3,"Patagonia, Argentina",-42,-71,9.1,331.8,70.1,0.377,0.685,1.22,1977,54.4,0.23,0,0.63
2019,Q3,Central Chile,-35,-71,16.7,267.6,49.4,0.504,0.792,0.29,1629,79.0,0.4,0,3.85
2019,Q3,Southern Brazil,-27,-49,21.5,391.6,57.9,0.683,0.403,4.88,933,49.1,0.33,0,0.32
2019,Q3,"Gran Chaco, Paraguay",-22,-60,31.9,268.3,59.9,0.686,0.829,3.7,1156,11.7,0.31,0,3.38
2019,Q3,"Four Corners, USA",36,-109,12.7,109.2,51.7,0.586,0.262,1.45,485,16.4,0.24,0,-1.74
2019,Q3,"Bashkortostan, Russia",54,56,-8.9,131.7,47.2,0.661,0.141,4.23,1545,45.5,0.37,1,-1.2
2019,Q3,"Ostrobothnia, Finland",63,22,-5.0,156.4,56.6,0.681,0.863,3.38,986,79.7,0.33,1,-1.65
2019,Q3,"Baden-Württemberg, Germany",48,9,8.8,198.6,83.5,0.75,0.602,4.05,1384,21.8,0.36,1,-0.38
2019,Q3,"Hubei Province, China",31,112,12.5,263.5,57.3,0.446,0.962,1.88,1163,31.6,0.42,0,1.69
2019,Q3,"Gyeonggi-do, South Korea",37,127,7.4,431.1,55.8,0.525,0.376,2.93,2152,79.7,0.39,0,3.59
2019,Q4,"Patagonia, Argentina",-42,-71,9.9,171.1,79.4,0.694,0.781,0.43,751,76.4,0.47,0,-1.21
2019,Q4,Central Chile,-35,-71,13.7,141.8,74.6,0.491,0.332,0.87,1569,17.4,0.12,0,1.75
2019,Q4,Southern Brazil,-27,-49,23.3,408.7,50.4,0.441,0.805,0.04,1785,26.4,0.16,0,0.99
2019,Q4,"Gran Chaco, Paraguay",-22,-60,21.5,243.7,63.0,0.542,0.202,2.32,802,40.3,0.44,0,2.5
2019,Q4,"Four Corners, USA",36,-109,21.8,70.4,70.4,0.433,0.883,2.27,483,69.9,0.47,0,-1.41
2019,Q4,"Bashkortostan, Russia",54,56,-6.8,117.5,79.3,0.221,0.613,3.25,1565,67.5,0.19,1,2.67
2019,Q4,"Ostrobothnia, Finland",63,22,1.5,128.1,64.8,0.662,0.969,0.18,1926,67.7,0.31,1,0.45
2019,Q4,"Baden-Württemberg, Germany",48,9,10.8,221.5,77.0,0.203,0.569,3.84,1500,56.4,0.4,1,-1.7
2019,Q4,"Hubei Province, China",31,112,27.0,263.7,69.4,0.397,0.918,3.77,1583,41.2,0.18,0,-1.87
2019,Q4,"Gyeonggi-do, South Korea",37,127,15.7,225.7,78.3,0.684,0.252,0.98,704,40.7,0.42,0,1.8
2020,Q1,"Patagonia, Argentina",-42,-71,7.9,173.3,40.7,0.63,0.715,0.29,2348,73.4,-1.08,0,-1.64
2020,Q1,Central Chile,-35,-71,14.9,85.2,43.8,0.71,0.449,1.45,660,55.9,-0.83,0,-1.41
2020,Q1,Southern Brazil,-27,-49,21.9,231.3,64.6,0.783,0.934,4.1,1442,72.8,-0.81,0,0.79
2020,Q1,"Gran Chaco, Paraguay",-22,-60,25.2,110.4,58.5,0.594,0.646,0.26,622,46.2,-1.18,0,1.69
2020,Q1,"Four Corners, USA",36,-109,5.9,54.1,42.4,0.241,0.389,0.5,1435,33.3,-1.19,0,3.68
2020,Q1,"Bashkortostan, Russia",54,56,16.8,91.2,67.5,0.484,0.714,1.62,992,10.9,-1.16,0,0.61
2020,Q1,"Ostrobothnia, Finland",63,22,-1.4,84.7,71.4,0.747,0.168,3.81,2389,55.0,-0.82,0,-1.0
2020,Q1,"Baden-Württemberg, Germany",48,9,7.6,98.9,65.8,0.684,0.697,4.79,2084,27.4,-0.99,0,3.2
2020,Q1,"Hubei Province, China",31,112,10.1,149.9,41.4,0.251,0.185,1.69,727,28.0,-1.19,0,2.11
2020,Q1,"Gyeonggi-do, South Korea",37,127,8.1,211.8,58.3,0.367,0.741,4.7,2034,57.8,-1.01,0,2.81
2020,Q2,"Patagonia, Argentina",-42,-71,11.4,122.0,76.3,0.652,0.274,0.99,538,53.7,-1.19,0,2.34
2020,Q2,Central Chile,-35,-71,18.7,125.6,58.8,0.758,0.356,4.29,321,37.3,-0.82,0,2.64
2020,Q2,Southern Brazil,-27,-49,21.9,322.5,80.4,0.69,0.813,3.79,1731,13.9,-1.14,0,1.32
2020,Q2,"Gran Chaco, Paraguay",-22,-60,28.7,187.3,70.9,0.358,0.664,4.69,163,40.4,-1.03,0,0.03
2020,Q2,"Four Corners, USA",36,-109,11.6,54.8,65.3,0.445,0.886,0.78,343,10.4,-0.9,0,-0.56
2020,Q2,"Bashkortostan, Russia",54,56,13.7,136.7,55.3,0.67,0.594,2.03,853,50.5,-1.14,0,-0.9
2020,Q2,"Ostrobothnia, Finland",63,22,15.4,109.1,49.7,0.568,0.82,4.55,1239,63.8,-0.92,0,1.3
2020,Q2,"Baden-Württemberg, Germany",48,9,13.3,166.1,57.5,0.646,0.96,0.84,572,72.3,-0.92,0,2.31
2020,Q2,"Hubei Province, China",31,112,14.8,226.7,59.9,0.237,0.13,2.89,1041,11.7,-0.98,0,3.19
2020,Q2,"Gyeonggi-do, South Korea",37,127,15.8,227.7,83.8,0.583,0.854,2.01,1993,32.7,-0.81,0,0.68
2020,Q3,"Patagonia, Argentina",-42,-71,14.1,236.4,48.1,0.571,0.82,4.11,1159,47.8,-1.05,0,2.23
2020,Q3,Central Chile,-35,-71,19.9,206.6,76.9,0.528,0.513,2.17,1129,51.5,-1.06,0,-1.1
2020,Q3,Southern Brazil,-27,-49,17.6,517.1,72.0,0.359,0.579,3.6,2376,21.5,-0.94,0,-1.82
2020,Q3,"Gran Chaco, Paraguay",-22,-60,25.7,241.5,75.5,0.323,0.337,4.99,2496,11.2,-0.88,0,1.44
2020,Q3,"Four Corners, USA",36,-109,16.1,119.5,61.8,0.764,0.878,3.26,863,53.9,-1.08,0,1.11
2020,Q3,"Bashkortostan, Russia",54,56,-1.0,150.4,49.4,0.368,0.624,4.53,2322,29.7,-1.09,0,-0.2
2020,Q3,"Ostrobothnia, Finland",63,22,-7.0,136.6,76.3,0.66,0.355,4.22,1378,32.7,-0.93,0,-0.68
2020,Q3,"Baden-Württemberg, Germany",48,9,12.2,229.1,58.7,0.511,0.868,2.11,717,31.7,-0.84,0,0.47
2020,Q3,"Hubei Province, China",31,112,7.8,260.1,55.5,0.521,0.144,0.99,470,48.8,-0.94,0,1.35
2020,Q3,"Gyeonggi-do, South Korea",37,127,9.8,371.6,64.1,0.385,0.993,4.88,1248,78.9,-0.83,0,3.74
2020,Q4,"Patagonia, Argentina",-42,-71,13.2,293.1,54.8,0.668,0.24,4.31,2139,29.9,-1.01,0,3.3
2020,Q4,Central Chile,-35,-71,9.7,172.8,62.7,0.782,0.629,2.28,1982,12.2,-1.17,0,0.31
2020,Q4,Southern Brazil,-27,-49,17.2,351.8,84.7,0.641,0.966,3.83,427,34.6,-0.85,0,1.14
2020,Q4,"Gran Chaco, Paraguay",-22,-60,24.1,176.8,64.5,0.401,0.386,2.57,1541,52.4,-0.8,0,2.72
2020,Q4,"Four Corners, USA",36,-109,18.2,88.0,76.7,0.243,0.859,1.91,80,77.9,-0.84,0,1.28
2020,Q4,"Bashkortostan, Russia",54,56,1.2,174.0,63.7,0.598,0.77,1.94,2215,44.6,-0.9,0,0.6
2020,Q4,"Ostrobothnia, Finland",63,22,0.6,137.6,76.6,0.745,0.764,2.76,668,34.7,-1.11,0,2.13
2020,Q4,"Baden-Württemberg, Germany",48,9,4.5,174.7,40.4,0.75,0.296,1.97,261,14.8,-1.15,0,0.39
2020,Q4,"Hubei Province, China",31,112,17.5,323.2,56.3,0.612,0.523,4.02,712,23.7,-0.96,0,0.84
2020,Q4,"Gyeonggi-do, South Korea",37,127,8.8,251.9,54.3,0.574,0.967,2.66,736,52.9,-1.19,0,-0.67
2021,Q1,"Patagonia, Argentina",-42,-71,11.9,138.7,45.3,0.271,0.833,4.42,574,37.2,-0.95,0,-0.34
2021,Q1,Central Chile,-35,-71,7.6,87.6,83.3,0.365,0.656,3.87,1599,42.9,-0.72,0,2.09
2021,Q1,Southern Brazil,-27,-49,13.2,254.0,45.5,0.636,0.738,2.54,327,55.7,-0.7,0,3.28
2021,Q1,"Gran Chaco, Paraguay",-22,-60,20.2,90.5,75.6,0.69,0.54,1.1,1503,74.3,-0.99,0,3.18
2021,Q1,"Four Corners, USA",36,-109,6.4,39.5,62.7,0.23,0.827,1.6,60,80.0,-0.79,0,2.75
2021,Q1,"Bashkortostan, Russia",54,56,0.5,64.5,73.9,0.575,0.519,1.34,1155,31.2,-0.69,1,-0.95
2021,Q1,"Ostrobothnia, Finland",63,22,12.0,74.9,68.9,0.676,0.79,1.78,2257,63.9,-0.6,1,2.14
2021,Q1,"Baden-Württemberg, Germany",48,9,0.6,145.0,76.5,0.205,0.496,3.45,2368,46.6,-0.66,1,1.83
2021,Q1,"Hubei Province, China",31,112,9.1,161.1,75.7,0.396,0.758,3.77,1645,29.4,-0.67,0,0.53
2021,Q1,"Gyeonggi-do, South Korea",37,127,15.5,184.3,64.8,0.274,0.637,0.7,1787,28.3,-0.88,0,2.5
2021,Q2,"Patagonia, Argentina",-42,-71,6.2,165.0,57.9,0.456,0.555,4.54,2142,53.0,-0.74,0,0.77
2021,Q2,Central Chile,-35,-71,17.6,97.1,64.5,0.775,0.359,4.72,1198,73.9,-0.69,0,-0.03
2021,Q2,Southern Brazil,-27,-49,25.1,240.0,61.4,0.799,0.497,4.53,66,44.6,-0.88,0,0.36
2021,Q2,"Gran Chaco, Paraguay",-22,-60,24.2,197.0,70.6,0.638,0.228,4.17,2363,72.6,-0.76,0,1.19
2021,Q2,"Four Corners, USA",36,-109,22.8,56.9,51.8,0.412,0.262,0.73,190,54.0,-0.82,0,2.18
2021,Q2,"Bashkortostan, Russia",54,56,16.8,135.9,78.6,0.663,0.624,0.44,66,61.3,-0.99,1,2.72
2021,Q2,"Ostrobothnia, Finland",63,22,17.4,95.7,67.0,0.308,0.528,4.54,1619,43.8,-0.72,1,1.74
2021,Q2,"Baden-Württemberg, Germany",48,9,3.7,149.8,49.9,0.654,0.455,2.9,2275,65.3,-0.93,1,1.45
2021,Q2,"Hubei Province, China",31,112,5.6,232.6,70.9,0.752,0.856,3.89,1904,54.1,-0.93,0,-0.58
2021,Q2,"Gyeonggi-do, South Korea",37,127,23.4,212.4,46.5,0.478,0.792,3.39,1778,15.2,-0.96,0,-0.69
2021,Q3,"Patagonia, Argentina",-42,-71,15.8,331.5,74.0,0.536,0.721,2.78,223,77.1,-0.62,0,0.21
2021,Q3,Central Chile,-35,-71,15.8,200.8,84.7,0.27,0.882,0.17,655,31.1,-0.86,0,3.45
2021,Q3,Southern Brazil,-27,-49,19.3,455.8,40.5,0.608,0.626,1.55,1960,80.0,-0.68,0,3.82
2021,Q3,"Gran Chaco, Paraguay",-22,-60,29.3,275.2,53.3,0.717,0.955,0.44,745,50.5,-0.73,0,1.43
2021,Q3,"Four Corners, USA",36,-109,13.2,91.5,40.2,0.524,0.454,1.27,1678,77.4,-0.79,0,-0.04
2021,Q3,"Bashkortostan, Russia",54,56,14.3,132.1,83.2,0.799,0.693,2.15,482,77.8,-0.89,1,1.59
2021,Q3,"Ostrobothnia, Finland",63,22,2.0,135.4,58.0,0.778,0.785,4.81,2168,69.4,-0.67,1,2.82
2021,Q3,"Baden-Württemberg, Germany",48,9,13.7,278.4,57.6,0.202,0.512,3.83,2464,74.8,-0.91,1,3.88
2021,Q3,"Hubei Province, China",31,112,22.6,347.7,58.5,0.327,0.103,4.78,1245,23.7,-0.75,0,-0.7
2021,Q3,"Gyeonggi-do, South Korea",37,127,25.5,342.4,54.7,0.227,0.926,2.28,534,30.6,-0.88,0,3.29
2021,Q4,"Patagonia, Argentina",-42,-71,12.2,274.6,55.1,0.625,0.692,0.8,2175,63.1,-0.84,0,2.04
2021,Q4,Central Chile,-35,-71,10.2,219.1,40.3,0.296,0.356,4.48,879,77.9,-0.7,0,0.46
2021,Q4,Southern Brazil,-27,-49,16.0,403.6,77.0,0.756,0.356,1.46,1158,34.1,-0.8,0,0.99
2021,Q4,"Gran Chaco, Paraguay",-22,-60,25.1,226.5,42.0,0.651,0.667,0.6,1834,32.9,-0.81,0,2.56
2021,Q4,"Four Corners, USA",36,-109,12.6,88.5,69.1,0.769,0.723,0.53,1644,17.2,-0.69,0,-1.29
2021,Q4,"Bashkortostan, Russia",54,56,5.7,137.2,44.1,0.744,0.591,0.28,2369,14.0,-0.98,1,3.14
2021,Q4,"Ostrobothnia, Finland",63,22,2.3,129.3,54.9,0.403,0.337,1.64,336,30.1,-0.93,1,-1.88
2021,Q4,"Baden-Württemberg, Germany",48,9,11.9,176.2,48.6,0.323,0.103,2.4,765,20.3,-0.68,1,-0.09
2021,Q4,"Hubei Province, China",31,112,6.7,346.4,55.1,0.462,0.349,3.79,2168,36.5,-0.88,0,1.75
2021,Q4,"Gyeonggi-do, South Korea",37,127,9.0,247.8,51.7,0.329,0.489,3.04,438,38.6,-0.8,0,0.17
2022,Q1,"Patagonia, Argentina",-42,-71,1.0,136.0,74.3,0.616,0.65,4.7,1124,51.2,-1.0,0,3.33
2022,Q1,Central Chile,-35,-71,8.0,91.1,53.1,0.296,0.888,2.62,2275,54.4,-0.85,0,2.11
2022,Q1,Southern Brazil,-27,-49,21.7,231.5,60.1,0.376,0.22,2.07,2051,18.3,-0.74,0,2.23
2022,Q1,"Gran Chaco, Paraguay",-22,-60,21.3,126.5,79.5,0.77,0.405,3.99,1327,46.3,-0.91,0,-0.71
2022,Q1,"Four Corners, USA",36,-109,18.0,51.7,71.8,0.634,0.535,1.68,607,15.6,-1.04,0,1.45
2022,Q1,"Bashkortostan, Russia",54,56,11.9,104.2,54.5,0.451,0.768,4.66,627,47.1,-1.0,0,1.85
2022,Q1,"Ostrobothnia, Finland",63,22,3.9,79.2,42.0,0.306,0.985,2.33,2133,23.3,-1.02,0,-1.55
2022,Q1,"Baden-Württemberg, Germany",48,9,8.0,96.2,51.4,0.631,0.41,1.42,1725,32.9,-0.91,0,3.44
2022,Q1,"Hubei Province, China",31,112,20.9,187.2,78.0,0.466,0.135,4.17,828,20.2,-0.99,0,-0.59
2022,Q1,"Gyeonggi-do, South Korea",37,127,3.7,209.4,66.0,0.335,0.883,2.9,1671,30.2,-0.81,0,-1.05
2022,Q2,"Patagonia, Argentina",-42,-71,7.6,177.1,66.4,0.649,0.74,4.45,230,45.2,-0.79,0,-1.09
2022,Q2,Central Chile,-35,-71,19.1,179.3,44.0,0.589,0.814,0.03,1604,14.1,-0.88,0,3.26
2022,Q2,Southern Brazil,-27,-49,20.3,272.5,50.8,0.404,0.966,0.84,1562,29.6,-0.72,0,-1.89
2022,Q2,"Gran Chaco, Paraguay",-22,-60,31.4,182.9,42.6,0.773,0.509,0.65,1933,20.8,-0.92,0,3.0
2022,Q2,"Four Corners, USA",36,-109,18.2,43.2,64.5,0.758,0.182,0.68,2433,15.3,-0.76,0,1.94
2022,Q2,"Bashkortostan, Russia",54,56,15.9,120.2,74.2,0.311,0.708,3.04,858,40.9,-0.83,0,1.23
2022,Q2,"Ostrobothnia, Finland",63,22,15.0,96.1,41.8,0.752,0.573,2.57,213,33.6,-0.76,0,-1.29
2022,Q2,"Baden-Württemberg, Germany",48,9,4.6,178.2,48.5,0.531,0.311,4.46,168,48.9,-0.97,0,-0.32
2022,Q2,"Hubei Province, China",31,112,10.5,163.6,78.5,0.611,0.941,4.84,2050,56.2,-0.74,0,0.69
2022,Q2,"Gyeonggi-do, South Korea",37,127,26.4,275.0,69.2,0.402,0.936,3.98,1445,49.7,-1.07,0,-1.73
2022,Q3,"Patagonia, Argentina",-42,-71,11.4,263.4,70.0,0.696,0.518,3.59,646,53.0,-0.91,0,-1.91
2022,Q3,Central Chile,-35,-71,14.8,181.4,77.5,0.62,0.904,0.24,977,51.0,-0.96,0,1.32
2022,Q3,Southern Brazil,-27,-49,25.8,390.4,81.4,0.608,0.27,1.28,1117,38.2,-1.09,0,-0.35
2022,Q3,"Gran Chaco, Paraguay",-22,-60,32.1,273.5,72.9,0.439,0.144,3.53,2182,76.3,-1.0,0,0.72
2022,Q3,"Four Corners, USA",36,-109,20.2,74.7,71.6,0.234,0.847,3.8,101,32.8,-0.83,0,-0.14
2022,Q3,"Bashkortostan, Russia",54,56,14.3,135.6,53.6,0.573,0.164,0.11,1118,60.1,-0.8,0,0.13
2022,Q3,"Ostrobothnia, Finland",63,22,-4.9,124.8,42.6,0.761,0.461,4.94,882,72.7,-0.98,0,2.47
2022,Q3,"Baden-Württemberg, Germany",48,9,15.3,262.7,56.3,0.308,0.94,1.98,1026,27.0,-0.8,0,3.85
2022,Q3,"Hubei Province, China",31,112,23.6,361.2,52.6,0.519,0.867,1.22,1734,79.4,-0.83,0,-0.96
2022,Q3,"Gyeonggi-do, South Korea",37,127,19.4,338.0,77.3,0.585,0.601,2.8,419,61.5,-1.03,0,2.17
2022,Q4,"Patagonia, Argentina",-42,-71,7.0,287.8,84.9,0.725,0.609,0.87,2167,47.9,-1.08,0,-1.19
2022,Q4,Central Chile,-35,-71,11.2,161.0,74.9,0.245,0.252,2.94,207,53.6,-0.73,0,1.24
2022,Q4,Southern Brazil,-27,-49,16.4,317.8,50.9,0.619,0.589,4.41,525,47.7,-0.96,0,0.07
2022,Q4,"Gran Chaco, Paraguay",-22,-60,22.8,178.0,55.4,0.358,0.936,4.92,2187,69.6,-0.91,0,0.52
2022,Q4,"Four Corners, USA",36,-109,9.1,78.4,70.4,0.749,0.241,4.02,644,69.1,-0.82,0,3.87
2022,Q4,"Bashkortostan, Russia",54,56,-3.8,165.7,51.4,0.43,0.771,0.7,1793,70.6,-0.85,0,2.95
2022,Q4,"Ostrobothnia, Finland",63,22,15.2,111.8,67.1,0.524,0.182,0.1,1117,15.8,-1.05,0,1.13
2022,Q4,"Baden-Württemberg, Germany",48,9,7.3,151.3,75.9,0.6,0.651,3.87,315,12.4,-0.79,0,1.64
2022,Q4,"Hubei Province, China",31,112,6.1,298.3,71.0,0.427,0.295,0.39,1476,61.0,-0.83,0,-0.62
2022,Q4,"Gyeonggi-do, South Korea",37,127,15.6,253.2,56.3,0.557,0.699,1.11,1521,65.9,-1.03,0,-1.71
2023,Q1,"Patagonia, Argentina",-42,-71,7.1,131.7,67.2,0.25,0.707,1.64,1938,73.7,2.09,0,-1.16
2023,Q1,Central Chile,-35,-71,8.2,133.4,57.0,0.39,0.232,3.87,2375,29.2,1.82,0,1.49
2023,Q1,Southern Brazil,-27,-49,14.8,242.9,54.8,0.484,0.464,3.54,2184,21.9,2.05,0,3.33
2023,Q1,"Gran Chaco, Paraguay",-22,-60,22.8,132.0,50.6,0.605,0.708,4.83,2233,23.2,1.96,0,2.85
2023,Q1,"Four Corners, USA",36,-109,6.9,30.3,69.4,0.799,0.626,2.81,1658,52.3,1.92,0,0.79
2023,Q1,"Bashkortostan, Russia",54,56,-11.6,61.7,43.9,0.332,0.179,4.75,1362,74.6,2.05,1,2.37
2023,Q1,"Ostrobothnia, Finland",63,22,2.7,67.1,73.4,0.249,0.89,0.32,1958,25.5,2.04,1,0.39
2023,Q1,"Baden-Württemberg, Germany",48,9,10.9,124.9,58.6,0.279,0.426,4.55,2259,72.7,1.79,1,3.54
2023,Q1,"Hubei Province, China",31,112,14.2,164.9,65.0,0.761,0.594,3.16,1648,45.9,1.96,0,-1.18
2023,Q1,"Gyeonggi-do, South Korea",37,127,-1.8,211.2,69.5,0.606,0.384,4.11,2092,10.0,2.0,0,2.88
2023,Q2,"Patagonia, Argentina",-42,-71,13.6,201.9,81.3,0.267,0.601,4.54,1609,53.0,1.71,0,3.81
2023,Q2,Central Chile,-35,-71,12.0,160.1,64.0,0.494,0.814,4.57,2201,26.0,1.98,0,3.68
2023,Q2,Southern Brazil,-27,-49,25.2,255.3,57.1,0.569,0.258,1.7,1875,69.2,1.98,0,-0.65
2023,Q2,"Gran Chaco, Paraguay",-22,-60,31.2,126.8,51.2,0.558,0.25,1.88,272,33.2,2.06,0,2.58
2023,Q2,"Four Corners, USA",36,-109,17.5,70.5,84.8,0.308,0.19,0.1,993,69.3,1.99,0,1.62
2023,Q2,"Bashkortostan, Russia",54,56,7.7,129.1,68.2,0.722,0.731,2.97,493,27.3,1.85,1,2.9
2023,Q2,"Ostrobothnia, Finland",63,22,-4.9,115.8,45.5,0.75,0.454,0.09,1423,52.8,2.06,1,1.13
2023,Q2,"Baden-Württemberg, Germany",48,9,18.7,196.4,64.0,0.628,0.603,2.07,561,21.4,1.87,1,2.52
2023,Q2,"Hubei Province, China",31,112,19.6,210.8,80.1,0.239,0.382,1.57,342,21.0,1.84,0,2.28
2023,Q2,"Gyeonggi-do, South Korea",37,127,25.4,197.8,65.4,0.446,0.795,2.66,1913,32.2,1.87,0,0.91
2023,Q3,"Patagonia, Argentina",-42,-71,10.0,263.7,70.9,0.662,0.215,3.92,1546,14.9,1.81,0,1.07
2023,Q3,Central Chile,-35,-71,14.5,267.2,51.7,0.342,0.413,1.71,952,32.6,1.78,0,2.3
2023,Q3,Southern Brazil,-27,-49,22.3,391.1,67.6,0.793,0.755,0.43,332,64.1,1.98,0,-0.45
2023,Q3,"Gran Chaco, Paraguay",-22,-60,28.0,288.6,78.1,0.732,0.245,0.87,1138,55.1,2.05,0,1.95
2023,Q3,"Four Corners, USA",36,-109,8.5,74.1,72.7,0.454,0.36,3.36,1970,73.4,1.92,0,0.02
2023,Q3,"Bashkortostan, Russia",54,56,11.7,172.0,61.0,0.777,0.423,1.62,1696,21.9,1.7,1,0.29
2023,Q3,"Ostrobothnia, Finland",63,22,-6.7,167.8,46.1,0.306,0.779,2.35,1410,26.6,2.07,1,-0.74
2023,Q3,"Baden-Württemberg, Germany",48,9,12.4,286.7,49.4,0.462,0.917,3.83,684,66.2,2.01,1,-0.5
2023,Q3,"Hubei Province, China",31,112,7.8,382.2,48.5,0.259,0.744,2.95,2481,70.5,1.87,0,2.27
2023,Q3,"Gyeonggi-do, South Korea",37,127,20.5,411.3,81.1,0.667,0.49,3.41,588,55.3,1.75,0,0.06
2023,Q4,"Patagonia, Argentina",-42,-71,5.0,271.0,46.2,0.262,0.621,1.69,1417,42.9,1.89,0,1.65
2023,Q4,Central Chile,-35,-71,14.3,173.4,41.4,0.4,0.966,4.91,520,56.8,1.9,0,-1.42
2023,Q4,Southern Brazil,-27,-49,18.2,348.7,57.7,0.281,0.417,4.05,217,47.5,2.03,0,3.15
2023,Q4,"Gran Chaco, Paraguay",-22,-60,29.4,194.4,70.6,0.405,0.788,2.62,994,40.1,1.84,0,3.07
2023,Q4,"Four Corners, USA",36,-109,10.6,75.3,50.7,0.646,0.595,3.25,621,37.7,2.03,0,-1.71
2023,Q4,"Bashkortostan, Russia",54,56,5.4,133.3,72.9,0.515,0.769,1.65,944,18.3,1.71,1,0.72
2023,Q4,"Ostrobothnia, Finland",63,22,12.0,133.5,73.6,0.578,0.483,0.17,1211,14.5,2.01,1,-1.97
2023,Q4,"Baden-Württemberg, Germany",48,9,8.6,181.5,48.2,0.743,0.358,3.78,2354,62.1,1.74,1,-0.65
2023,Q4,"Hubei Province, China",31,112,21.9,236.8,81.7,0.552,0.797,3.89,909,38.9,1.88,0,1.24
2023,Q4,"Gyeonggi-do, South Korea",37,127,10.9,265.9,48.4,0.675,0.582,2.9,182,55.3,1.73,0,-1.78
2024,Q1,"Patagonia, Argentina",-42,-71,5.8,147.6,63.0,0.718,0.897,2.78,308,74.8,1.07,0,3.98
2024,Q1,Central Chile,-35,-71,14.4,110.3,58.2,0.55,0.662,3.3,219,76.4,1.22,0,1.5
2024,Q1,Southern Brazil,-27,-49,17.4,219.6,60.0,0.327,0.311,4.5,427,27.4,1.02,0,-0.16
2024,Q1,"Gran Chaco, Paraguay",-22,-60,27.6,147.2,50.7,0.777,0.159,0.48,2194,47.5,1.05,0,3.41
2024,Q1,"Four Corners, USA",36,-109,14.2,39.3,63.0,0.307,0.649,0.41,1466,52.7,1.17,0,3.95
2024,Q1,"Bashkortostan, Russia",54,56,-11.9,100.1,63.3,0.702,0.636,1.32,2048,49.3,1.2,0,-1.8
2024,Q1,"Ostrobothnia, Finland",63,22,6.4,82.2,71.4,0.439,0.815,0.31,877,45.2,1.15,0,2.76
2024,Q1,"Baden-Württemberg, Germany",48,9,0.5,96.3,43.7,0.32,0.588,2.36,67,71.2,1.27,0,2.79
2024,Q1,"Hubei Province, China",31,112,5.8,164.9,59.6,0.33,0.882,3.8,2051,23.6,1.3,0,1.14
2024,Q1,"Gyeonggi-do, South Korea",37,127,1.4,159.9,78.1,0.65,0.58,3.61,2432,71.4,1.38,0,0.64
2024,Q2,"Patagonia, Argentina",-42,-71,13.0,159.9,54.0,0.574,0.584,2.16,511,39.8,1.27,0,-1.66
2024,Q2,Central Chile,-35,-71,14.3,165.2,74.8,0.448,0.379,3.91,1030,38.5,1.08,0,-1.08
2024,Q2,Southern Brazil,-27,-49,19.3,357.0,68.0,0.606,0.378,0.35,2449,68.7,1.3,0,0.94
2024,Q2,"Gran Chaco, Paraguay",-22,-60,28.5,161.6,48.0,0.488,0.664,0.8,850,30.1,1.02,0,3.32
2024,Q2,"Four Corners, USA",36,-109,21.8,61.4,84.9,0.609,0.337,3.34,486,58.3,1.13,0,0.32
2024,Q2,"Bashkortostan, Russia",54,56,1.3,91.3,42.3,0.624,0.75,0.97,851,51.7,1.39,0,3.84
2024,Q2,"Ostrobothnia, Finland",63,22,-3.9,110.8,79.0,0.52,0.564,1.06,1679,12.0,1.37,0,-0.19
2024,Q2,"Baden-Württemberg, Germany",48,9,14.4,122.4,80.7,0.424,0.186,4.8,1919,75.8,1.31,0,-0.82
2024,Q2,"Hubei Province, China",31,112,12.3,183.0,55.6,0.25,0.989,1.63,1679,65.3,1.02,0,3.86
2024,Q2,"Gyeonggi-do, South Korea",37,127,20.6,296.0,63.5,0.298,0.176,2.12,2389,19.5,1.27,0,2.17
2024,Q3,"Patagonia, Argentina",-42,-71,10.9,323.3,51.2,0.722,0.735,3.68,457,35.8,1.27,0,1.79
2024,Q3,Central Chile,-35,-71,15.4,250.6,77.3,0.402,0.639,3.49,572,28.3,1.02,0,1.33
2024,Q3,Southern Brazil,-27,-49,22.8,412.7,84.0,0.484,0.74,0.77,109,56.4,1.33,0,0.57
2024,Q3,"Gran Chaco, Paraguay",-22,-60,25.6,280.1,80.4,0.358,0.205,3.86,1137,73.1,1.03,0,0.65
2024,Q3,"Four Corners, USA",36,-109,8.3,66.6,56.1,0.251,0.737,1.12,1824,17.7,1.13,0,3.65
2024,Q3,"Bashkortostan, Russia",54,56,20.8,183.9,83.9,0.256,0.496,1.9,1900,76.6,1.15,0,2.39
2024,Q3,"Ostrobothnia, Finland",63,22,3.4,121.5,79.7,0.358,0.504,4.71,2489,32.6,1.26,0,-1.3
2024,Q3,"Baden-Württemberg, Germany",48,9,9.9,247.0,81.6,0.614,0.963,1.83,1777,45.0,1.17,0,0.44
2024,Q3,"Hubei Province, China",31,112,9.9,390.0,59.6,0.529,0.557,1.78,782,46.7,1.23,0,2.16
2024,Q3,"Gyeonggi-do, South Korea",37,127,7.4,447.4,66.4,0.353,0.648,2.19,906,13.8,1.28,0,-0.68
2024,Q4,"Patagonia, Argentina",-42,-71,4.1,243.7,69.4,0.737,0.772,0.01,2322,61.6,1.37,0,2.49
2024,Q4,Central Chile,-35,-71,15.9,186.2,42.4,0.457,0.634,0.32,1321,17.6,1.13,0,3.32
2024,Q4,Southern Brazil,-27,-49,17.6,379.4,76.8,0.237,0.505,2.72,1808,25.7,1.03,0,1.12
2024,Q4,"Gran Chaco, Paraguay",-22,-60,29.4,187.2,74.7,0.595,0.268,4.95,428,59.9,1.0,0,3.07
2024,Q4,"Four Corners, USA",36,-109,10.5,93.4,55.2,0.235,0.432,0.32,629,76.3,1.39,0,3.0
2024,Q4,"Bashkortostan, Russia",54,56,11.9,113.1,67.7,0.538,0.454,0.14,603,78.9,1.04,0,1.49
2024,Q4,"Ostrobothnia, Finland",63,22,12.2,114.1,78.7,0.499,0.866,3.91,2445,59.7,1.36,0,-0.75
2024,Q4,"Baden-Württemberg, Germany",48,9,14.9,186.8,49.1,0.708,0.143,2.26,1219,48.7,1.34,0,3.3
2024,Q4,"Hubei Province, China",31,112,7.9,270.2,79.2,0.652,0.958,1.77,1309,55.5,1.39,0,-0.83
2024,Q4,"Gyeonggi-do, South Korea",37,127,10.9,290.3,70.4,0.517,0.186,3.55,1955,32.4,1.17,0,-1.78
2025,Q1,"Patagonia, Argentina",-42,-71,3.0,99.6,62.1,0.795,0.528,0.89,177,36.1,-0.6,0,2.33
2025,Q1,Central Chile,-35,-71,9.0,77.7,54.4,0.211,0.237,3.06,1295,24.2,-0.46,0,0.44
2025,Q1,Southern Brazil,-27,-49,14.4,251.6,70.3,0.564,0.131,1.93,755,48.3,-0.38,0,-0.48
2025,Q1,"Gran Chaco, Paraguay",-22,-60,23.2,137.0,53.4,0.277,0.845,4.33,813,24.3,-0.6,0,1.78
2025,Q1,"Four Corners, USA",36,-109,9.5,49.2,48.5,0.356,0.409,0.38,660,66.6,-0.66,0,2.48
2025,Q1,"Bashkortostan, Russia",54,56,11.0,62.7,43.1,0.433,0.89,0.23,1656,23.0,-0.51,0,3.79
2025,Q1,"Ostrobothnia, Finland",63,22,-0.2,79.0,60.3,0.434,0.978,1.7,2181,42.9,-0.53,0,2.97
2025,Q1,"Baden-Württemberg, Germany",48,9,10.5,129.1,56.8,0.72,0.136,3.35,498,48.4,-0.66,0,-1.1
2025,Q1,"Hubei Province, China",31,112,21.5,168.3,51.0,0.678,0.762,1.29,325,28.3,-0.42,0,3.44
2025,Q1,"Gyeonggi-do, South Korea",37,127,21.2,155.0,81.9,0.405,0.724,0.78,721,11.1,-0.54,0,3.68
2025,Q2,"Patagonia, Argentina",-42,-71,6.5,190.0,71.5,0.246,0.29,3.4,255,66.6,-0.53,0,-0.25
2025,Q2,Central Chile,-35,-71,12.4,161.9,44.7,0.754,0.257,2.4,2315,13.3,-0.69,0,-0.55
2025,Q2,Southern Brazil,-27,-49,16.0,309.4,55.1,0.702,0.605,2.5,749,50.6,-0.33,0,2.58
2025,Q2,"Gran Chaco, Paraguay",-22,-60,21.8,137.4,59.7,0.43,0.258,1.55,762,48.9,-0.45,0,0.21
2025,Q2,"Four Corners, USA",36,-109,16.0,47.2,59.4,0.437,0.907,3.57,1774,24.8,-0.44,0,1.82
2025,Q2,"Bashkortostan, Russia",54,56,14.7,112.7,83.3,0.31,0.969,1.09,1781,62.6,-0.68,0,-0.48
2025,Q2,"Ostrobothnia, Finland",63,22,6.6,112.3,76.1,0.765,0.663,1.04,1468,34.6,-0.69,0,-0.55
2025,Q2,"Baden-Württemberg, Germany",48,9,13.9,183.4,66.8,0.331,0.638,4.92,550,77.1,-0.66,0,-1.56
2025,Q2,"Hubei Province, China",31,112,17.4,236.3,47.1,0.283,0.256,1.5,941,69.7,-0.53,0,2.86
2025,Q2,"Gyeonggi-do, South Korea",37,127,18.9,280.3,75.6,0.329,0.158,4.95,1056,66.9,-0.59,0,0.38
2025,Q3,"Patagonia, Argentina",-42,-71,5.6,265.3,73.0,0.467,0.156,4.01,2319,29.1,-0.67,0,0.01
2025,Q3,Central Chile,-35,-71,15.0,222.7,42.6,0.576,0.696,0.98,1150,49.1,-0.62,0,0.64
2025,Q3,Southern Brazil,-27,-49,23.2,394.5,52.8,0.734,0.729,2.46,1781,55.6,-0.38,0,3.64
2025,Q3,"Gran Chaco, Paraguay",-22,-60,23.4,193.2,45.3,0.645,0.329,4.76,424,34.3,-0.69,0,0.26
2025,Q3,"Four Corners, USA",36,-109,21.7,91.4,66.7,0.315,0.303,1.67,1941,15.0,-0.51,0,-0.12
2025,Q3,"Bashkortostan, Russia",54,56,-6.5,208.1,42.7,0.242,0.981,2.66,660,77.1,-0.62,0,-0.64
2025,Q3,"Ostrobothnia, Finland",63,22,-0.8,155.5,55.5,0.384,0.743,0.08,769,12.8,-0.62,0,1.81
2025,Q3,"Baden-Württemberg, Germany",48,9,5.9,180.9,68.8,0.641,0.685,4.0,481,66.1,-0.61,0,-1.04
2025,Q3,"Hubei Province, China",31,112,21.4,268.6,50.8,0.37,0.686,2.21,780,72.4,-0.59,0,1.06
2025,Q3,"Gyeonggi-do, South Korea",37,127,19.0,342.2,68.3,0.521,0.767,0.17,255,27.7,-0.68,0,-0.49
2025,Q4,"Patagonia, Argentina",-42,-71,3.9,220.9,41.2,0.436,0.876,0.22,383,23.5,-0.4,0,-1.35
2025,Q4,Central Chile,-35,-71,9.6,101.8,52.2,0.287,0.2,2.8,1072,65.9,-0.36,0,3.52
2025,Q4,Southern Brazil,-27,-49,20.7,436.8,74.8,0.773,0.956,0.29,1156,21.9,-0.38,0,0.64
2025,Q4,"Gran Chaco, Paraguay",-22,-60,26.6,225.4,73.4,0.324,0.317,0.77,1469,60.6,-0.38,0,-1.5
2025,Q4,"Four Corners, USA",36,-109,17.4,61.7,76.0,0.583,0.201,4.01,1457,30.9,-0.64,0,-0.78
2025,Q4,"Bashkortostan, Russia",54,56,-1.7,116.8,51.8,0.246,0.133,4.06,1810,29.8,-0.34,0,2.23
2025,Q4,"Ostrobothnia, Finland",63,22,-9.4,104.6,45.4,0.278,0.658,2.16,624,49.4,-0.39,0,3.05
2025,Q4,"Baden-Württemberg, Germany",48,9,14.9,232.3,69.9,0.659,0.217,2.45,2310,28.4,-0.58,0,2.16
2025,Q4,"Hubei Province, China",31,112,8.1,334.1,82.5,0.546,0.844,0.87,1222,28.5,-0.34,0,-0.19
2025,Q4,"Gyeonggi-do, South Korea",37,127,-0.9,319.4,77.8,0.694,0.92,0.31,1162,55.5,-0.42,0,1.11
2026,Q1,"Patagonia, Argentina",-42,-71,1.2,90.1,83.0,0.365,0.406,1.99,585,73.4,0.37,0,3.19
2026,Q1,Central Chile,-35,-71,13.3,113.0,72.1,0.265,0.316,1.83,1235,37.8,0.09,0,-0.82
2026,Q1,Southern Brazil,-27,-49,14.2,252.0,55.1,0.783,0.836,4.06,1655,61.7,0.24,0,2.09
2026,Q1,"Gran Chaco, Paraguay",-22,-60,20.8,105.1,78.9,0.597,0.482,0.42,1174,24.1,0.25,0,1.49
2026,Q1,"Four Corners, USA",36,-109,14.6,31.6,65.4,0.583,0.905,2.32,2230,77.5,0.05,0,0.81
2026,Q1,"Bashkortostan, Russia",54,56,-4.7,77.8,50.1,0.614,0.958,2.9,1406,54.2,0.3,0,3.11
2026,Q1,"Ostrobothnia, Finland",63,22,-7.2,66.8,78.1,0.573,0.307,0.78,2440,71.8,0.31,0,3.03
2026,Q1,"Baden-Württemberg, Germany",48,9,11.6,128.6,64.5,0.572,0.163,1.99,1000,78.9,0.08,0,-0.96
2026,Q1,"Hubei Province, China",31,112,24.9,146.3,65.2,0.591,0.137,0.5,1530,78.6,0.31,0,-1.6
2026,Q1,"Gyeonggi-do, South Korea",37,127,-3.3,144.9,48.5,0.639,0.839,3.13,2009,31.7,0.05,0,1.65
2026,Q2,"Patagonia, Argentina",-42,-71,7.3,128.3,56.1,0.317,0.499,2.05,797,52.1,0.15,0,3.81
2026,Q2,Central Chile,-35,-71,17.5,150.4,43.4,0.595,0.481,1.76,2391,67.3,0.05,0,1.22
2026,Q2,Southern Brazil,-27,-49,23.8,241.7,82.2,0.762,0.294,4.29,1844,57.1,0.05,0,0.83
2026,Q2,"Gran Chaco, Paraguay",-22,-60,26.5,163.4,83.5,0.24,0.456,0.14,2250,77.2,0.3,0,3.38
2026,Q2,"Four Corners, USA",36,-109,15.8,60.0,43.4,0.685,0.568,1.46,1859,28.2,0.25,0,1.28
2026,Q2,"Bashkortostan, Russia",54,56,12.2,96.8,52.7,0.335,0.348,0.74,2243,52.7,0.3,0,2.34
2026,Q2,"Ostrobothnia, Finland",63,22,-5.6,94.2,84.4,0.371,0.8,1.95,508,49.7,0.12,0,-0.97
2026,Q2,"Baden-Württemberg, Germany",48,9,8.1,165.9,43.3,0.397,0.339,4.9,209,68.6,0.05,0,-0.62
2026,Q2,"Hubei Province, China",31,112,25.7,187.7,41.5,0.548,0.183,1.26,2430,51.2,0.39,0,-1.58
2026,Q2,"Gyeonggi-do, South Korea",37,127,9.2,202.2,81.5,0.294,0.345,1.8,1014,26.5,0.05,0,1.81
